"time_period","time_identifier","geographic_level","country_code","country_name","region_code","region_name","lad_code","lad_name","version","level_methodology","establishment_type","t_schools","t_pupils","t_att8","avg_att8","t_entbasics","pt_entbasics","t_l2basics_95","pt_l2basics_95","t_l2basics_94","pt_l2basics_94","t_ebacc_e_ptq_ee","pt_ebacc_e_ptq_ee","t_ebacc_95","pt_ebacc_95","t_ebacc_94","pt_ebacc_94","t_ebaccaps","avg_ebaccaps","t_inp8calc","t_p8score","avg_p8score","p8score_ci_low","p8score_ci_upp"
"202223","Academic year","National","E92000001","England","","","","","Revised","Pupil residency","State-funded schools (LA)",4046,602614,27981661.95,46.4,580119,96.3,274240,45.5,394035,65.4,237496,39.4,102930,17.1,146561,24.3,2450945.26,4.07,567877,-14693.009,"-0.03","-0.03","-0.02"
"202223","Academic year","Regional","E92000001","England","E12000001","North East","","","Revised","Pupil residency","State-funded schools (LA)",206,27748,1236052.5,44.5,26527,95.6,11640,41.9,17334,62.5,10252,36.9,4136,14.9,6228,22.4,106469.76,3.84,26853,-7221.924,"-0.27","-0.29","-0.25"
"202223","Academic year","Regional","E92000001","England","E12000002","North West","","","Revised","Pupil residency","State-funded schools (LA)",617,82899,3694882.62,44.6,79618,96,34585,41.7,51665,62.3,30068,36.3,11661,14.1,17264,20.8,319682.47,3.86,78470,-15672.851,"-0.2","-0.21","-0.19"
"202223","Academic year","Regional","E92000001","England","E12000003","Yorkshire and The Humber","","","Revised","Pupil residency","State-funded schools (LA)",451,60908,2729527.38,44.8,58577,96.2,26100,42.9,38354,63,22766,37.4,9304,15.3,13640,22.4,236495.88,3.88,58370,-3237.142,"-0.06","-0.07","-0.04"
"202223","Academic year","Regional","E92000001","England","E12000004","East Midlands","","","Revised","Pupil residency","State-funded schools (LA)",551,53001,2392127.77,45.1,51133,96.5,22649,42.7,33705,63.6,19217,36.3,8164,15.4,11804,22.3,209070.84,3.94,50361,-2307.99,"-0.05","-0.06","-0.03"
"202223","Academic year","Regional","E92000001","England","E12000005","West Midlands","","","Revised","Pupil residency","State-funded schools (LA)",544,67811,3045174.75,44.9,65349,96.4,28381,41.9,42082,62.1,24245,35.8,9237,13.6,13714,20.2,262242.41,3.87,64207,-5566.214,"-0.09","-0.1","-0.08"
"202223","Academic year","Regional","E92000001","England","E12000006","East of England","","","Revised","Pupil residency","State-funded schools (LA)",698,67855,3156901.67,46.5,65463,96.5,30902,45.5,44925,66.2,26531,39.1,11804,17.4,16687,24.6,277599.53,4.09,64382,392.701,"0.01","0","0.02"
"202223","Academic year","Regional","E92000001","England","E12000007","London","","","Revised","Pupil residency","State-funded schools (LA)",800,90358,4592195.39,50.8,87251,96.6,49146,54.4,64549,71.4,50228,55.6,22945,25.4,31350,34.7,415927.02,4.6,82073,22464.859,"0.27","0.26","0.28"
"202223","Academic year","Regional","E92000001","England","E12000008","South East","","","Revised","Pupil residency","State-funded schools (LA)",937,96182,4552980.08,47.3,92461,96.1,45823,47.6,64796,67.4,36600,38.1,17737,18.4,24515,25.5,400342.4,4.16,90067,-2211.789,"-0.02","-0.03","-0.02"
"202223","Academic year","Regional","E92000001","England","E12000009","South West","","","Revised","Pupil residency","State-funded schools (LA)",435,55852,2581819.79,46.2,53740,96.2,25014,44.8,36625,65.6,17589,31.5,7942,14.2,11359,20.3,223114.95,3.99,53094,-1332.659,"-0.03","-0.04","-0.01"
"202223","Academic year","Regional","E92000001","England","E13000001","Inner London","","","Revised","Pupil residency","State-funded schools (LA)",528,29019,1446158.8,49.8,27934,96.3,15201,52.4,20248,69.8,17031,58.7,7116,24.5,9902,34.1,131072.41,4.52,26418,5713.349,"0.22","0.2","0.23"
"202223","Academic year","Regional","E92000001","England","E13000002","Outer London","","","Revised","Pupil residency","State-funded schools (LA)",780,61339,3146036.59,51.3,59317,96.7,33945,55.3,44301,72.2,33197,54.1,15829,25.8,21448,35,284854.61,4.64,55655,16751.51,"0.3","0.29","0.31"
"202223","Academic year","Local authority district","E92000001","England","E12000001","North East","E06000001","Hartlepool","Revised","Pupil residency","State-funded schools (LA)",25,1114,46000,41.3,1062,95.3,421,37.8,665,59.7,383,34.4,118,10.6,189,17,3929.19,3.53,1091,-504.523,"-0.46","-0.55","-0.38"
"202223","Academic year","Local authority district","E92000001","England","E12000001","North East","E06000002","Middlesbrough","Revised","Pupil residency","State-funded schools (LA)",32,1740,71497.25,41.1,1656,95.2,615,35.3,1004,57.7,599,34.4,209,12,336,19.3,6106.28,3.51,1632,-686.979,"-0.42","-0.49","-0.35"
"202223","Academic year","Local authority district","E92000001","England","E12000001","North East","E06000003","Redcar and Cleveland","Revised","Pupil residency","State-funded schools (LA)",26,1455,65502.25,45,1400,96.2,667,45.8,948,65.2,586,40.3,257,17.7,392,26.9,5761.2,3.96,1420,-482.235,"-0.34","-0.41","-0.27"
"202223","Academic year","Local authority district","E92000001","England","E12000001","North East","E06000004","Stockton-on-Tees","Revised","Pupil residency","State-funded schools (LA)",42,2319,106212.25,45.8,2207,95.2,1090,47,1569,67.7,1008,43.5,404,17.4,642,27.7,9257.5,3.99,2259,-427.233,"-0.19","-0.25","-0.13"
"202223","Academic year","Local authority district","E92000001","England","E12000001","North East","E06000005","Darlington","Revised","Pupil residency","State-funded schools (LA)",34,1162,53167.25,45.8,1124,96.7,529,45.5,748,64.4,418,36,171,14.7,260,22.4,4536.69,3.9,1136,-270.08,"-0.24","-0.32","-0.16"
"202223","Academic year","Local authority district","E92000001","England","E12000002","North West","E06000006","Halton","Revised","Pupil residency","State-funded schools (LA)",43,1524,65481.5,43,1461,95.9,586,38.5,901,59.1,311,20.4,141,9.3,197,12.9,5382.05,3.53,1482,-433.056,"-0.29","-0.36","-0.22"
"202223","Academic year","Local authority district","E92000001","England","E12000002","North West","E06000007","Warrington","Revised","Pupil residency","State-funded schools (LA)",56,2477,120144.25,48.5,2400,96.9,1184,47.8,1737,70.1,1010,40.8,430,17.4,611,24.7,10498.24,4.24,2350,-146.015,"-0.06","-0.12","0"
"202223","Academic year","Local authority district","E92000001","England","E12000002","North West","E06000008","Blackburn with Darwen","Revised","Pupil residency","State-funded schools (LA)",48,2139,96276.03,45,2057,96.2,947,44.3,1360,63.6,1039,48.6,378,17.7,563,26.3,8509.34,3.98,2021,-163.82,"-0.08","-0.14","-0.02"
"202223","Academic year","Local authority district","E92000001","England","E12000002","North West","E06000009","Blackpool","Revised","Pupil residency","State-funded schools (LA)",26,1490,53971.5,36.2,1382,92.8,423,28.4,713,47.9,281,18.9,91,6.1,129,8.7,4446.49,2.98,1432,-1159.612,"-0.81","-0.88","-0.74"
"202223","Academic year","Local authority district","E92000001","England","E12000003","Yorkshire and The Humber","E06000010","Kingston upon Hull, City of","Revised","Pupil residency","State-funded schools (LA)",35,3083,130491,42.3,2949,95.7,1146,37.2,1747,56.7,1398,45.3,434,14.1,731,23.7,11320.14,3.67,2938,-1367.214,"-0.47","-0.52","-0.41"
"202223","Academic year","Local authority district","E92000001","England","E12000003","Yorkshire and The Humber","E06000011","East Riding of Yorkshire","Revised","Pupil residency","State-funded schools (LA)",67,3401,158017.5,46.5,3310,97.3,1547,45.5,2286,67.2,1248,36.7,544,16,789,23.2,13793.06,4.06,3322,-40.611,"-0.01","-0.06","0.04"
"202223","Academic year","Local authority district","E92000001","England","E12000003","Yorkshire and The Humber","E06000012","North East Lincolnshire","Revised","Pupil residency","State-funded schools (LA)",25,1798,75144,41.8,1732,96.3,625,34.8,1046,58.2,662,36.8,237,13.2,367,20.4,6613.67,3.68,1750,-748.407,"-0.43","-0.49","-0.36"
"202223","Academic year","Local authority district","E92000001","England","E12000003","Yorkshire and The Humber","E06000013","North Lincolnshire","Revised","Pupil residency","State-funded schools (LA)",37,1904,83521.13,43.9,1843,96.8,763,40.1,1228,64.5,712,37.4,242,12.7,384,20.2,7124.75,3.74,1852,-262.526,"-0.14","-0.21","-0.08"
"202223","Academic year","Local authority district","E92000001","England","E12000003","Yorkshire and The Humber","E06000014","York","Revised","Pupil residency","State-funded schools (LA)",16,1771,86304.25,48.7,1728,97.6,871,49.2,1235,69.7,738,41.7,353,19.9,472,26.7,7654.18,4.32,1683,153.031,"0.09","0.02","0.16"
"202223","Academic year","Local authority district","E92000001","England","E12000004","East Midlands","E06000015","Derby","Revised","Pupil residency","State-funded schools (LA)",55,3201,135193.75,42.2,3057,95.5,1229,38.4,1863,58.2,1152,36,467,14.6,686,21.4,11889.57,3.71,3020,-555.507,"-0.18","-0.23","-0.13"
"202223","Academic year","Local authority district","E92000001","England","E12000004","East Midlands","E06000016","Leicester","Revised","Pupil residency","State-funded schools (LA)",57,4689,210424.25,44.9,4472,95.4,1968,42,2808,59.9,1830,39,770,16.4,1096,23.4,18463.53,3.94,4176,370.545,"0.09","0.05","0.13"
"202223","Academic year","Local authority district","E92000001","England","E12000004","East Midlands","E06000017","Rutland","Revised","Pupil residency","State-funded schools (LA)",18,322,16004.25,49.7,313,97.2,171,53.1,234,72.7,147,45.7,72,22.4,101,31.4,1445.2,4.49,304,93.59,"0.31","0.15","0.47"
"202223","Academic year","Local authority district","E92000001","England","E12000004","East Midlands","E06000018","Nottingham","Revised","Pupil residency","State-funded schools (LA)",59,3438,147063.75,42.8,3292,95.8,1227,35.7,1985,57.7,982,28.6,375,10.9,570,16.6,12636.35,3.68,3161,-748.489,"-0.24","-0.29","-0.19"
"202223","Academic year","Local authority district","E92000001","England","E12000005","West Midlands","E06000019","Herefordshire, County of","Revised","Pupil residency","State-funded schools (LA)",38,1740,77511.75,44.5,1685,96.8,732,42.1,1120,64.4,483,27.8,232,13.3,331,19,6687.28,3.84,1675,-455.177,"-0.27","-0.34","-0.2"
"202223","Academic year","Local authority district","E92000001","England","E12000005","West Midlands","E06000020","Telford and Wrekin","Revised","Pupil residency","State-funded schools (LA)",41,2280,98226.75,43.1,2218,97.3,838,36.8,1305,57.2,712,31.2,301,13.2,444,19.5,8494.31,3.73,2172,-843.119,"-0.39","-0.45","-0.33"
"202223","Academic year","Local authority district","E92000001","England","E12000005","West Midlands","E06000021","Stoke-on-Trent","Revised","Pupil residency","State-funded schools (LA)",52,3106,124867.75,40.2,2959,95.3,1029,33.1,1668,53.7,964,31,260,8.4,434,14,10427.35,3.36,2968,-1060.063,"-0.36","-0.41","-0.31"
"202223","Academic year","Local authority district","E92000001","England","E12000009","South West","E06000022","Bath and North East Somerset","Revised","Pupil residency","State-funded schools (LA)",36,1793,90205.5,50.3,1727,96.3,930,51.9,1303,72.7,767,42.8,367,20.5,516,28.8,7977.65,4.45,1708,515.432,"0.3","0.23","0.37"
"202223","Academic year","Local authority district","E92000001","England","E12000009","South West","E06000023","Bristol, City of","Revised","Pupil residency","State-funded schools (LA)",64,4255,191392.75,45,4054,95.3,1771,41.6,2668,62.7,1426,33.5,580,13.6,848,19.9,16641.16,3.91,3987,-219.441,"-0.06","-0.1","-0.01"
"202223","Academic year","Local authority district","E92000001","England","E12000009","South West","E06000024","North Somerset","Revised","Pupil residency","State-funded schools (LA)",37,2311,107551.51,46.5,2217,95.9,1035,44.8,1551,67.1,689,29.8,321,13.9,453,19.6,9223.24,3.99,2225,-18.007,"-0.01","-0.07","0.05"
"202223","Academic year","Local authority district","E92000001","England","E12000009","South West","E06000025","South Gloucestershire","Revised","Pupil residency","State-funded schools (LA)",70,2950,138968.5,47.1,2852,96.7,1341,45.5,1971,66.8,858,29.1,400,13.6,588,19.9,11925.89,4.04,2799,193.728,"0.07","0.02","0.12"
"202223","Academic year","Local authority district","E92000001","England","E12000009","South West","E06000026","Plymouth","Revised","Pupil residency","State-funded schools (LA)",35,2795,120913.25,43.3,2678,95.8,1082,38.7,1627,58.2,730,26.1,311,11.1,470,16.8,10205.23,3.65,2679,-598.703,"-0.22","-0.28","-0.17"
"202223","Academic year","Local authority district","E92000001","England","E12000009","South West","E06000027","Torbay","Revised","Pupil residency","State-funded schools (LA)",23,1422,62357.25,43.9,1334,93.8,590,41.5,878,61.7,285,20,151,10.6,208,14.6,5246.64,3.69,1355,-308.182,"-0.23","-0.3","-0.15"
"202223","Academic year","Local authority district","E92000001","England","E12000009","South West","E06000030","Swindon","Revised","Pupil residency","State-funded schools (LA)",40,2814,128377.27,45.6,2707,96.2,1260,44.8,1851,65.8,793,28.2,370,13.1,536,19,11130.65,3.96,2573,1.043,"0","-0.05","0.06"
"202223","Academic year","Local authority district","E92000001","England","E12000006","East of England","E06000031","Peterborough","Revised","Pupil residency","State-funded schools (LA)",37,2740,118685.75,43.3,2622,95.7,1018,37.2,1646,60.1,569,20.8,273,10,384,14,10026.19,3.66,2534,167.24,"0.07","0.01","0.12"
"202223","Academic year","Local authority district","E92000001","England","E12000006","East of England","E06000032","Luton","Revised","Pupil residency","State-funded schools (LA)",61,3111,139669,44.9,3015,96.9,1383,44.5,1957,62.9,1298,41.7,504,16.2,742,23.9,12288.86,3.95,2849,315.894,"0.11","0.06","0.16"
"202223","Academic year","Local authority district","E92000001","England","E12000006","East of England","E06000033","Southend-on-Sea","Revised","Pupil residency","State-funded schools (LA)",41,2032,97532.51,48,1950,96,971,47.8,1350,66.4,1001,49.3,437,21.5,590,29,8601.67,4.23,1937,-286.16,"-0.15","-0.21","-0.08"
"202223","Academic year","Local authority district","E92000001","England","E12000006","East of England","E06000034","Thurrock","Revised","Pupil residency","State-funded schools (LA)",99,2401,109380.5,45.6,2338,97.4,1102,45.9,1558,64.9,1071,44.6,445,18.5,642,26.7,9621.65,4.01,2271,-190.118,"-0.08","-0.14","-0.03"
"202223","Academic year","Local authority district","E92000001","England","E12000008","South East","E06000035","Medway","Revised","Pupil residency","State-funded schools (LA)",97,3302,146307.63,44.3,3189,96.6,1345,40.7,1993,60.4,1231,37.3,569,17.2,842,25.5,12776.87,3.87,3127,-465.398,"-0.15","-0.2","-0.1"
"202223","Academic year","Local authority district","E92000001","England","E12000008","South East","E06000036","Bracknell Forest","Revised","Pupil residency","State-funded schools (LA)",51,1380,65301.63,47.3,1327,96.2,640,46.4,915,66.3,491,35.6,240,17.4,333,24.1,5708.65,4.14,1290,24.842,"0.02","-0.06","0.1"
"202223","Academic year","Local authority district","E92000001","England","E12000008","South East","E06000037","West Berkshire","Revised","Pupil residency","State-funded schools (LA)",41,1674,83209,49.7,1624,97,850,50.8,1194,71.3,806,48.1,368,22,531,31.7,7432.68,4.44,1564,393.828,"0.25","0.18","0.32"
"202223","Academic year","Local authority district","E92000001","England","E12000008","South East","E06000038","Reading","Revised","Pupil residency","State-funded schools (LA)",47,1735,79151.63,45.6,1667,96.1,767,44.2,1082,62.4,644,37.1,289,16.7,398,22.9,6969.66,4.02,1542,-94.019,"-0.06","-0.13","0.01"
"202223","Academic year","Local authority district","E92000001","England","E12000008","South East","E06000039","Slough","Revised","Pupil residency","State-funded schools (LA)",71,2364,114683.25,48.5,2275,96.2,1169,49.5,1589,67.2,1015,42.9,453,19.2,604,25.5,10149.53,4.29,2101,126.075,"0.06","0","0.12"
"202223","Academic year","Local authority district","E92000001","England","E12000008","South East","E06000040","Windsor and Maidenhead","Revised","Pupil residency","State-funded schools (LA)",54,1563,83676,53.5,1538,98.4,938,60,1213,77.6,744,47.6,422,27,551,35.3,7609.92,4.87,1394,331.686,"0.24","0.16","0.31"
"202223","Academic year","Local authority district","E92000001","England","E12000008","South East","E06000041","Wokingham","Revised","Pupil residency","State-funded schools (LA)",46,2034,112196.13,55.2,1970,96.9,1295,63.7,1616,79.4,1032,50.7,616,30.3,774,38.1,10145.3,4.99,1833,786.113,"0.43","0.36","0.49"
"202223","Academic year","Local authority district","E92000001","England","E12000008","South East","E06000042","Milton Keynes","Revised","Pupil residency","State-funded schools (LA)",53,3672,168659,45.9,3551,96.7,1657,45.1,2447,66.6,1291,35.2,502,13.7,742,20.2,14782.39,4.03,3382,-357.166,"-0.11","-0.15","-0.06"
"202223","Academic year","Local authority district","E92000001","England","E12000008","South East","E06000043","Brighton and Hove","Revised","Pupil residency","State-funded schools (LA)",30,2350,112382.01,47.8,2254,95.9,1173,49.9,1648,70.1,1188,50.6,499,21.2,741,31.5,10190.21,4.34,2217,1.328,"0","-0.06","0.06"
"202223","Academic year","Local authority district","E92000001","England","E12000008","South East","E06000044","Portsmouth","Revised","Pupil residency","State-funded schools (LA)",39,2110,81605.25,38.7,1996,94.6,659,31.2,1112,52.7,722,34.2,210,10,345,16.4,7023.99,3.33,1986,-900.481,"-0.45","-0.52","-0.39"
"202223","Academic year","Local authority district","E92000001","England","E12000008","South East","E06000045","Southampton","Revised","Pupil residency","State-funded schools (LA)",43,2476,107044.25,43.2,2351,95,964,38.9,1465,59.2,799,32.3,320,12.9,465,18.8,9211.81,3.72,2326,-718.903,"-0.31","-0.37","-0.25"
"202223","Academic year","Local authority district","E92000001","England","E12000008","South East","E06000046","Isle of Wight","Revised","Pupil residency","State-funded schools (LA)",9,1236,50706.5,41,1187,96,450,36.4,717,58,466,37.7,115,9.3,178,14.4,4293.39,3.47,1191,-289.2,"-0.24","-0.32","-0.16"
"202223","Academic year","Local authority district","E92000001","England","E12000001","North East","E06000047","County Durham","Revised","Pupil residency","State-funded schools (LA)",98,5454,248575.5,45.6,5227,95.8,2261,41.5,3376,61.9,1792,32.9,820,15,1203,22.1,20981.46,3.85,5311,-930.759,"-0.18","-0.21","-0.14"
"202223","Academic year","Local authority district","E92000001","England","E12000002","North West","E06000049","Cheshire East","Revised","Pupil residency","State-funded schools (LA)",91,4019,189805.75,47.2,3900,97,1880,46.8,2740,68.2,1455,36.2,577,14.4,833,20.7,16351.46,4.07,3840,-313.78,"-0.08","-0.13","-0.04"
"202223","Academic year","Local authority district","E92000001","England","E12000002","North West","E06000050","Cheshire West and Chester","Revised","Pupil residency","State-funded schools (LA)",77,3671,169371,46.1,3520,95.9,1636,44.6,2412,65.7,1635,44.5,671,18.3,1008,27.5,14945.88,4.07,3494,-298.957,"-0.09","-0.13","-0.04"
"202223","Academic year","Local authority district","E92000001","England","E12000005","West Midlands","E06000051","Shropshire","Revised","Pupil residency","State-funded schools (LA)",68,2852,126398.75,44.3,2776,97.3,1125,39.4,1774,62.2,904,31.7,352,12.3,532,18.7,10927.16,3.83,2717,-757.476,"-0.28","-0.33","-0.23"
"202223","Academic year","Local authority district","E92000001","England","E12000009","South West","E06000052","Cornwall","Revised","Pupil residency","State-funded schools (LA)",52,5663,252680.25,44.6,5479,96.8,2277,40.2,3522,62.2,1370,24.2,534,9.4,801,14.1,21220.21,3.75,5503,-569.998,"-0.1","-0.14","-0.07"
"202223","Academic year","Local authority district","E92000001","England","E12000009","South West","E06000053","Isles of Scilly","Revised","Pupil residency","State-funded schools (LA)",1,32,1703.5,53.2,29,90.6,20,62.5,25,78.1,10,31.3,2,6.3,3,9.4,142.49,4.45,31,22.476,"0.73","0.23","1.22"
"202223","Academic year","Local authority district","E92000001","England","E12000009","South West","E06000054","Wiltshire","Revised","Pupil residency","State-funded schools (LA)",85,5140,237104.38,46.1,4962,96.5,2256,43.9,3362,65.4,1657,32.2,761,14.8,1083,21.1,20598.52,4.01,4885,-252.093,"-0.05","-0.09","-0.01"
"202223","Academic year","Local authority district","E92000001","England","E12000006","East of England","E06000055","Bedford","Revised","Pupil residency","State-funded schools (LA)",39,1987,87026.25,43.8,1915,96.4,812,40.9,1252,63,739,37.2,263,13.2,401,20.2,7587.25,3.82,1759,244.394,"0.14","0.07","0.21"
"202223","Academic year","Local authority district","E92000001","England","E12000006","East of England","E06000056","Central Bedfordshire","Revised","Pupil residency","State-funded schools (LA)",97,3165,142764.75,45.1,3072,97.1,1386,43.8,2051,64.8,945,29.9,349,11,509,16.1,12196.2,3.85,3076,-286.451,"-0.09","-0.14","-0.04"
"202223","Academic year","Local authority district","E92000001","England","E12000001","North East","E06000057","Northumberland","Revised","Pupil residency","State-funded schools (LA)",50,3060,136055.5,44.5,2932,95.8,1320,43.1,1937,63.3,827,27,358,11.7,516,16.9,11604.01,3.79,2969,-547.003,"-0.18","-0.24","-0.13"
"202223","Academic year","Local authority district","E92000001","England","E12000009","South West","E06000058","Bournemouth, Christchurch and Poole","Revised","Pupil residency","State-funded schools (LA)",43,3696,183234.5,49.6,3592,97.2,1959,53,2673,72.3,1480,40,789,21.3,1079,29.2,16176.57,4.38,3440,641.693,"0.19","0.14","0.23"
"202223","Academic year","Local authority district","E92000001","England","E12000009","South West","E06000059","Dorset","Revised","Pupil residency","State-funded schools (LA)",60,3623,162043,44.7,3468,95.7,1513,41.8,2333,64.4,1257,34.7,488,13.5,754,20.8,14038.04,3.87,3453,-287.372,"-0.08","-0.13","-0.04"
"202223","Academic year","Local authority district","E92000001","England","E12000008","South East","E06000060","Buckinghamshire","Revised","Pupil residency","State-funded schools (LA)",152,6350,332278.25,52.3,6120,96.4,3570,56.2,4661,73.4,2518,39.7,1539,24.2,1932,30.4,29255.86,4.61,5877,1324.712,"0.23","0.19","0.26"
"202223","Academic year","Local authority district","E92000001","England","E12000004","East Midlands","E06000061","North Northamptonshire","Revised","Pupil residency","State-funded schools (LA)",78,4206,186582.5,44.4,4043,96.1,1684,40,2588,61.5,1606,38.2,627,14.9,963,22.9,16439.65,3.91,4003,129.868,"0.03","-0.01","0.08"
"202223","Academic year","Local authority district","E92000001","England","E12000004","East Midlands","E06000062","West Northamptonshire","Revised","Pupil residency","State-funded schools (LA)",86,4717,214661,45.5,4567,96.8,2101,44.5,3087,65.4,1759,37.3,768,16.3,1089,23.1,18835.16,3.99,4442,72.79,"0.02","-0.03","0.06"
"202223","Academic year","Local authority district","E92000001","England","E12000002","North West","E06000063","Cumberland","Revised","Pupil residency","State-funded schools (LA)",26,2792,121491.25,43.5,2719,97.4,1064,38.1,1708,61.2,991,35.5,380,13.6,546,19.6,10690.41,3.83,2715,-754.117,"-0.28","-0.33","-0.22"
"202223","Academic year","Local authority district","E92000001","England","E12000002","North West","E06000064","Westmorland and Furness","Revised","Pupil residency","State-funded schools (LA)",31,2190,100902,46.1,2116,96.6,934,42.6,1431,65.3,517,23.6,255,11.6,343,15.7,8678,3.96,2122,-244.446,"-0.12","-0.18","-0.06"
"202223","Academic year","Local authority district","E92000001","England","E12000003","Yorkshire and The Humber","E06000065","North Yorkshire","Revised","Pupil residency","State-funded schools (LA)",127,5748,265671.25,46.2,5529,96.2,2579,44.9,3786,65.9,2314,40.3,1088,18.9,1533,26.7,23487.47,4.09,5471,29.856,"0.01","-0.03","0.04"
"202223","Academic year","Local authority district","E92000001","England","E12000009","South West","E06000066","Somerset","Revised","Pupil residency","State-funded schools (LA)",77,5475,239501.38,43.7,5268,96.2,2173,39.7,3354,61.3,1491,27.2,533,9.7,817,14.9,20404.52,3.73,5241,-998.584,"-0.19","-0.23","-0.15"
"202223","Academic year","Local authority district","E92000001","England","E12000006","East of England","E07000008","Cambridge","Revised","Pupil residency","State-funded schools (LA)",27,937,50909.5,54.3,896,95.6,550,58.7,691,73.7,476,50.8,319,34,388,41.4,4690.1,5.01,845,438.816,"0.52","0.42","0.61"
"202223","Academic year","Local authority district","E92000001","England","E12000006","East of England","E07000009","East Cambridgeshire","Revised","Pupil residency","State-funded schools (LA)",25,935,45957,49.2,908,97.1,472,50.5,660,70.6,337,36,154,16.5,218,23.3,4055.02,4.34,899,207.99,"0.23","0.14","0.32"
"202223","Academic year","Local authority district","E92000001","England","E12000006","East of England","E07000010","Fenland","Revised","Pupil residency","State-funded schools (LA)",39,1030,40767.75,39.6,984,95.5,341,33.1,574,55.7,228,22.1,76,7.4,129,12.5,3468.04,3.37,996,-249.713,"-0.25","-0.34","-0.16"
"202223","Academic year","Local authority district","E92000001","England","E12000006","East of England","E07000011","Huntingdonshire","Revised","Pupil residency","State-funded schools (LA)",52,1806,83307,46.1,1753,97.1,763,42.2,1183,65.5,744,41.2,314,17.4,483,26.7,7421.69,4.11,1750,210.525,"0.12","0.05","0.19"
"202223","Academic year","Local authority district","E92000001","England","E12000006","East of England","E07000012","South Cambridgeshire","Revised","Pupil residency","State-funded schools (LA)",42,1818,97007,53.4,1763,97,1056,58.1,1386,76.2,916,50.4,549,30.2,698,38.4,8877.09,4.88,1703,733.669,"0.43","0.36","0.5"
"202223","Academic year","Local authority district","E92000001","England","E12000004","East Midlands","E07000032","Amber Valley","Revised","Pupil residency","State-funded schools (LA)",46,1348,61434,45.6,1296,96.1,597,44.3,883,65.5,565,41.9,253,18.8,340,25.2,5433.16,4.03,1318,-154.88,"-0.12","-0.19","-0.04"
"202223","Academic year","Local authority district","E92000001","England","E12000004","East Midlands","E07000033","Bolsover","Revised","Pupil residency","State-funded schools (LA)",39,811,33320.25,41.1,782,96.4,285,35.1,463,57.1,249,30.7,86,10.6,140,17.3,2858.65,3.52,770,-317.074,"-0.41","-0.51","-0.31"
"202223","Academic year","Local authority district","E92000001","England","E12000004","East Midlands","E07000034","Chesterfield","Revised","Pupil residency","State-funded schools (LA)",28,1097,50176,45.7,1057,96.4,483,44,713,65,284,25.9,145,13.2,204,18.6,4286.54,3.91,1066,-121.87,"-0.11","-0.2","-0.03"
"202223","Academic year","Local authority district","E92000001","England","E12000004","East Midlands","E07000035","Derbyshire Dales","Revised","Pupil residency","State-funded schools (LA)",33,653,31518,48.3,633,96.9,319,48.9,459,70.3,171,26.2,96,14.7,127,19.4,2701.63,4.14,631,6.983,"0.01","-0.1","0.12"
"202223","Academic year","Local authority district","E92000001","England","E12000004","East Midlands","E07000036","Erewash","Revised","Pupil residency","State-funded schools (LA)",49,1111,48198.75,43.4,1076,96.8,454,40.9,689,62,313,28.2,140,12.6,205,18.5,4166.8,3.75,1083,-304.507,"-0.28","-0.37","-0.2"
"202223","Academic year","Local authority district","E92000001","England","E12000004","East Midlands","E07000037","High Peak","Revised","Pupil residency","State-funded schools (LA)",27,1008,44836.5,44.5,972,96.4,407,40.4,627,62.2,230,22.8,99,9.8,142,14.1,3816.01,3.79,988,-132.273,"-0.13","-0.22","-0.05"
"202223","Academic year","Local authority district","E92000001","England","E12000004","East Midlands","E07000038","North East Derbyshire","Revised","Pupil residency","State-funded schools (LA)",44,1004,44926.5,44.7,969,96.5,448,44.6,660,65.7,380,37.8,156,15.5,248,24.7,3955.5,3.94,975,-180.635,"-0.19","-0.27","-0.1"
"202223","Academic year","Local authority district","E92000001","England","E12000004","East Midlands","E07000039","South Derbyshire","Revised","Pupil residency","State-funded schools (LA)",60,1224,56657.5,46.3,1191,97.3,590,48.2,822,67.2,290,23.7,149,12.2,202,16.5,4819.3,3.94,1194,-1.267,"0","-0.08","0.08"
"202223","Academic year","Local authority district","E92000001","England","E12000009","South West","E07000040","East Devon","Revised","Pupil residency","State-funded schools (LA)",35,1347,64110.5,47.6,1302,96.7,646,48,899,66.7,476,35.3,233,17.3,331,24.6,5669.4,4.21,1274,-76.765,"-0.06","-0.14","0.02"
"202223","Academic year","Local authority district","E92000001","England","E12000009","South West","E07000041","Exeter","Revised","Pupil residency","State-funded schools (LA)",29,1006,48615.5,48.3,964,95.8,529,52.6,715,71.1,551,54.8,212,21.1,313,31.1,4404.47,4.38,946,220.452,"0.23","0.14","0.32"
"202223","Academic year","Local authority district","E92000001","England","E12000009","South West","E07000042","Mid Devon","Revised","Pupil residency","State-funded schools (LA)",29,934,44282.5,47.4,901,96.5,470,50.3,655,70.1,260,27.8,138,14.8,200,21.4,3836.54,4.11,906,159.28,"0.18","0.08","0.27"
"202223","Academic year","Local authority district","E92000001","England","E12000009","South West","E07000043","North Devon","Revised","Pupil residency","State-funded schools (LA)",13,993,43736.75,44,953,96,402,40.5,608,61.2,315,31.7,124,12.5,189,19,3770.67,3.8,965,-228.897,"-0.24","-0.33","-0.15"
"202223","Academic year","Local authority district","E92000001","England","E12000009","South West","E07000044","South Hams","Revised","Pupil residency","State-funded schools (LA)",41,896,44853.75,50.1,860,96,489,54.6,647,72.2,265,29.6,163,18.2,205,22.9,3903.68,4.36,857,-41.369,"-0.05","-0.14","0.05"
"202223","Academic year","Local authority district","E92000001","England","E12000009","South West","E07000045","Teignbridge","Revised","Pupil residency","State-funded schools (LA)",35,1210,55164.25,45.6,1159,95.8,537,44.4,795,65.7,575,47.5,248,20.5,334,27.6,4930.18,4.07,1172,-263.693,"-0.22","-0.31","-0.14"
"202223","Academic year","Local authority district","E92000001","England","E12000009","South West","E07000046","Torridge","Revised","Pupil residency","State-funded schools (LA)",15,633,27202.25,43,603,95.3,270,42.7,395,62.4,251,39.7,70,11.1,124,19.6,2383.06,3.76,605,-115.179,"-0.19","-0.3","-0.08"
"202223","Academic year","Local authority district","E92000001","England","E12000009","South West","E07000047","West Devon","Revised","Pupil residency","State-funded schools (LA)",24,528,24501.75,46.4,506,95.8,243,46,351,66.5,237,44.9,84,15.9,131,24.8,2138.16,4.05,509,-73.723,"-0.14","-0.27","-0.02"
"202223","Academic year","Local authority district","E92000001","England","E12000008","South East","E07000061","Eastbourne","Revised","Pupil residency","State-funded schools (LA)",25,1034,44862.5,43.4,993,96,405,39.2,655,63.3,302,29.2,130,12.6,199,19.2,3827.2,3.7,975,-82.927,"-0.09","-0.17","0"
"202223","Academic year","Local authority district","E92000001","England","E12000008","South East","E07000062","Hastings","Revised","Pupil residency","State-funded schools (LA)",23,948,35084.75,37,897,94.6,301,31.8,487,51.4,157,16.6,78,8.2,105,11.1,2974.87,3.14,915,-772.691,"-0.84","-0.94","-0.75"
"202223","Academic year","Local authority district","E92000001","England","E12000008","South East","E07000063","Lewes","Revised","Pupil residency","State-funded schools (LA)",39,957,44226.25,46.2,918,95.9,449,46.9,660,69,462,48.3,209,21.8,300,31.3,3983.45,4.16,921,84.767,"0.09","0","0.18"
"202223","Academic year","Local authority district","E92000001","England","E12000008","South East","E07000064","Rother","Revised","Pupil residency","State-funded schools (LA)",39,838,37164.25,44.3,805,96.1,359,42.8,518,61.8,294,35.1,167,19.9,216,25.8,3303.28,3.94,806,-156.103,"-0.19","-0.29","-0.1"
"202223","Academic year","Local authority district","E92000001","England","E12000008","South East","E07000065","Wealden","Revised","Pupil residency","State-funded schools (LA)",50,1442,70043,48.6,1400,97.1,702,48.7,1027,71.2,555,38.5,262,18.2,381,26.4,6184.71,4.29,1379,122.765,"0.09","0.01","0.16"
"202223","Academic year","Local authority district","E92000001","England","E12000006","East of England","E07000066","Basildon","Revised","Pupil residency","State-funded schools (LA)",79,2267,98903.5,43.6,2153,95,967,42.7,1405,62,1006,44.4,404,17.8,624,27.5,8770.59,3.87,2172,-683.253,"-0.31","-0.37","-0.26"
"202223","Academic year","Local authority district","E92000001","England","E12000006","East of England","E07000067","Braintree","Revised","Pupil residency","State-funded schools (LA)",64,1731,77733.13,44.9,1658,95.8,710,41,1136,65.6,562,32.5,230,13.3,329,19,6750.72,3.9,1658,-276.527,"-0.17","-0.23","-0.1"
"202223","Academic year","Local authority district","E92000001","England","E12000006","East of England","E07000068","Brentwood","Revised","Pupil residency","State-funded schools (LA)",44,760,38843,51.1,740,97.4,397,52.2,564,74.2,365,48,184,24.2,254,33.4,3451.62,4.54,716,28.962,"0.04","-0.06","0.14"
"202223","Academic year","Local authority district","E92000001","England","E12000006","East of England","E07000069","Castle Point","Revised","Pupil residency","State-funded schools (LA)",47,951,42502,44.7,919,96.6,382,40.2,566,59.5,377,39.6,166,17.5,238,25,3648.62,3.84,933,-296.602,"-0.32","-0.41","-0.23"
"202223","Academic year","Local authority district","E92000001","England","E12000006","East of England","E07000070","Chelmsford","Revised","Pupil residency","State-funded schools (LA)",65,1950,98251.27,50.4,1894,97.1,1001,51.3,1391,71.3,741,38,387,19.8,507,26,8618.01,4.42,1840,89.904,"0.05","-0.02","0.11"
"202223","Academic year","Local authority district","E92000001","England","E12000006","East of England","E07000071","Colchester","Revised","Pupil residency","State-funded schools (LA)",43,2034,95095,46.8,1960,96.4,930,45.7,1323,65,678,33.3,370,18.2,494,24.3,8349.21,4.1,1916,0.832,"0","-0.06","0.06"
"202223","Academic year","Local authority district","E92000001","England","E12000006","East of England","E07000072","Epping Forest","Revised","Pupil residency","State-funded schools (LA)",102,1361,63495,46.7,1313,96.5,624,45.8,932,68.5,503,37,195,14.3,304,22.3,5515.59,4.05,1299,-68.842,"-0.05","-0.13","0.02"
"202223","Academic year","Local authority district","E92000001","England","E12000006","East of England","E07000073","Harlow","Revised","Pupil residency","State-funded schools (LA)",46,1169,47447.75,40.6,1122,96,385,32.9,625,53.5,499,42.7,142,12.1,241,20.6,4191.61,3.59,1123,-563.727,"-0.5","-0.58","-0.42"
"202223","Academic year","Local authority district","E92000001","England","E12000006","East of England","E07000074","Maldon","Revised","Pupil residency","State-funded schools (LA)",35,640,29308.5,45.8,616,96.3,262,40.9,407,63.6,173,27,85,13.3,111,17.3,2455.9,3.84,619,-210.266,"-0.34","-0.45","-0.23"
"202223","Academic year","Local authority district","E92000001","England","E12000006","East of England","E07000075","Rochford","Revised","Pupil residency","State-funded schools (LA)",33,968,45944,47.5,941,97.2,452,46.7,668,69,433,44.7,199,20.6,299,30.9,4038.02,4.17,939,-127.334,"-0.14","-0.23","-0.05"
"202223","Academic year","Local authority district","E92000001","England","E12000006","East of England","E07000076","Tendring","Revised","Pupil residency","State-funded schools (LA)",27,1460,57816.25,39.6,1381,94.6,459,31.4,756,51.8,321,22,98,6.7,148,10.1,4708.03,3.22,1406,-447.669,"-0.32","-0.39","-0.24"
"202223","Academic year","Local authority district","E92000001","England","E12000006","East of England","E07000077","Uttlesford","Revised","Pupil residency","State-funded schools (LA)",42,1003,49237.75,49.1,975,97.2,509,50.7,726,72.4,531,52.9,267,26.6,379,37.8,4475.72,4.46,956,-60.703,"-0.06","-0.15","0.03"
"202223","Academic year","Local authority district","E92000001","England","E12000009","South West","E07000078","Cheltenham","Revised","Pupil residency","State-funded schools (LA)",26,1082,57972.25,53.6,1039,96,645,59.6,805,74.4,400,37,268,24.8,319,29.5,5083.88,4.7,988,388.949,"0.39","0.31","0.48"
"202223","Academic year","Local authority district","E92000001","England","E12000009","South West","E07000079","Cotswold","Revised","Pupil residency","State-funded schools (LA)",38,847,42937.5,50.7,821,96.9,454,53.6,616,72.7,275,32.5,180,21.3,222,26.2,3786.97,4.47,793,180.843,"0.23","0.13","0.33"
"202223","Academic year","Local authority district","E92000001","England","E12000009","South West","E07000080","Forest of Dean","Revised","Pupil residency","State-funded schools (LA)",26,766,34816.25,45.5,744,97.1,318,41.5,494,64.5,263,34.3,99,12.9,147,19.2,3019.59,3.94,741,50.53,"0.07","-0.03","0.17"
"202223","Academic year","Local authority district","E92000001","England","E12000009","South West","E07000081","Gloucester","Revised","Pupil residency","State-funded schools (LA)",36,1489,69545.75,46.7,1425,95.7,692,46.5,991,66.6,313,21,175,11.8,241,16.2,5916.56,3.97,1415,106.524,"0.08","0","0.15"
"202223","Academic year","Local authority district","E92000001","England","E12000009","South West","E07000082","Stroud","Revised","Pupil residency","State-funded schools (LA)",36,1223,61686,50.4,1196,97.8,642,52.5,875,71.5,371,30.3,207,16.9,279,22.8,5377.31,4.4,1167,87.525,"0.08","-0.01","0.16"
"202223","Academic year","Local authority district","E92000001","England","E12000009","South West","E07000083","Tewkesbury","Revised","Pupil residency","State-funded schools (LA)",38,929,46361.75,49.9,900,96.9,470,50.6,661,71.2,224,24.1,134,14.4,168,18.1,3963.67,4.27,877,150.872,"0.17","0.08","0.27"
"202223","Academic year","Local authority district","E92000001","England","E12000008","South East","E07000084","Basingstoke and Deane","Revised","Pupil residency","State-funded schools (LA)",44,1948,87907.38,45.1,1866,95.8,861,44.2,1266,65,768,39.4,326,16.7,487,25,7863.65,4.04,1861,-362.378,"-0.19","-0.26","-0.13"
"202223","Academic year","Local authority district","E92000001","England","E12000008","South East","E07000085","East Hampshire","Revised","Pupil residency","State-funded schools (LA)",39,1179,56072.5,47.6,1139,96.6,558,47.3,836,70.9,469,39.8,207,17.6,296,25.1,4916.02,4.17,1135,-42.297,"-0.04","-0.12","0.04"
"202223","Academic year","Local authority district","E92000001","England","E12000008","South East","E07000086","Eastleigh","Revised","Pupil residency","State-funded schools (LA)",39,1534,73680.5,48,1500,97.8,726,47.3,1058,69,647,42.2,322,21,467,30.4,6600.43,4.3,1461,-6.546,"0","-0.08","0.07"
"202223","Academic year","Local authority district","E92000001","England","E12000008","South East","E07000087","Fareham","Revised","Pupil residency","State-funded schools (LA)",31,1096,52434.75,47.8,1062,96.9,562,51.3,770,70.3,310,28.3,137,12.5,180,16.4,4459.27,4.07,1064,-65.711,"-0.06","-0.15","0.02"
"202223","Academic year","Local authority district","E92000001","England","E12000008","South East","E07000088","Gosport","Revised","Pupil residency","State-funded schools (LA)",18,913,34013.75,37.3,864,94.6,250,27.4,463,50.7,145,15.9,44,4.8,68,7.4,2803.53,3.07,886,-529.53,"-0.6","-0.69","-0.5"
"202223","Academic year","Local authority district","E92000001","England","E12000008","South East","E07000089","Hart","Revised","Pupil residency","State-funded schools (LA)",41,1020,52633.51,51.6,992,97.3,579,56.8,792,77.6,264,25.9,172,16.9,219,21.5,4585.01,4.5,954,103.164,"0.11","0.02","0.2"
"202223","Academic year","Local authority district","E92000001","England","E12000008","South East","E07000090","Havant","Revised","Pupil residency","State-funded schools (LA)",41,1290,50922,39.5,1228,95.2,421,32.6,685,53.1,319,24.7,114,8.8,171,13.3,4254.49,3.3,1243,-660.394,"-0.53","-0.61","-0.45"
"202223","Academic year","Local authority district","E92000001","England","E12000008","South East","E07000091","New Forest","Revised","Pupil residency","State-funded schools (LA)",39,1656,76090.5,45.9,1600,96.6,730,44.1,1085,65.5,542,32.7,274,16.5,382,23.1,6705.13,4.05,1584,-461.641,"-0.29","-0.36","-0.22"
"202223","Academic year","Local authority district","E92000001","England","E12000008","South East","E07000092","Rushmoor","Revised","Pupil residency","State-funded schools (LA)",43,1035,45480.5,43.9,997,96.3,418,40.4,647,62.5,272,26.3,136,13.1,184,17.8,3983.78,3.85,990,-383.445,"-0.39","-0.48","-0.3"
"202223","Academic year","Local authority district","E92000001","England","E12000008","South East","E07000093","Test Valley","Revised","Pupil residency","State-funded schools (LA)",48,1243,58508.25,47.1,1214,97.7,572,46,830,66.8,456,36.7,209,16.8,301,24.2,5137.44,4.13,1177,-141.511,"-0.12","-0.2","-0.04"
"202223","Academic year","Local authority district","E92000001","England","E12000008","South East","E07000094","Winchester","Revised","Pupil residency","State-funded schools (LA)",47,1237,64474,52.1,1198,96.8,705,57,939,75.9,589,47.6,328,26.5,420,34,5840.68,4.72,1148,262.473,"0.23","0.15","0.31"
"202223","Academic year","Local authority district","E92000001","England","E12000006","East of England","E07000095","Broxbourne","Revised","Pupil residency","State-funded schools (LA)",76,1153,53160.75,46.1,1122,97.3,542,47,780,67.6,521,45.2,205,17.8,305,26.5,4687.68,4.07,1110,-20.73,"-0.02","-0.1","0.06"
"202223","Academic year","Local authority district","E92000001","England","E12000006","East of England","E07000096","Dacorum","Revised","Pupil residency","State-funded schools (LA)",61,1670,78972,47.3,1600,95.8,813,48.7,1150,68.9,579,34.7,278,16.6,368,22,6868.93,4.11,1578,-109.527,"-0.07","-0.14","0"
"202223","Academic year","Local authority district","E92000001","England","E12000006","East of England","E07000098","Hertsmere","Revised","Pupil residency","State-funded schools (LA)",81,1169,59800.25,51.2,1136,97.2,651,55.7,844,72.2,478,40.9,268,22.9,337,28.8,5286.22,4.52,1084,236.288,"0.22","0.13","0.3"
"202223","Academic year","Local authority district","E92000001","England","E12000006","East of England","E07000099","North Hertfordshire","Revised","Pupil residency","State-funded schools (LA)",50,1448,72855.5,50.3,1406,97.1,761,52.6,1053,72.7,596,41.2,305,21.1,417,28.8,6520.79,4.5,1397,268.686,"0.19","0.12","0.27"
"202223","Academic year","Local authority district","E92000001","England","E12000006","East of England","E07000102","Three Rivers","Revised","Pupil residency","State-funded schools (LA)",62,1087,58553.75,53.9,1060,97.5,652,60,856,78.7,638,58.7,315,29,452,41.6,5345.87,4.92,1011,200.258,"0.2","0.11","0.29"
"202223","Academic year","Local authority district","E92000001","England","E12000006","East of England","E07000103","Watford","Revised","Pupil residency","State-funded schools (LA)",59,1224,63030.25,51.5,1183,96.7,687,56.1,912,74.5,755,61.7,352,28.8,475,38.8,5788.01,4.73,1134,284.632,"0.25","0.17","0.33"
"202223","Academic year","Local authority district","E92000001","England","E12000008","South East","E07000105","Ashford","Revised","Pupil residency","State-funded schools (LA)",48,1526,71328,46.7,1465,96,694,45.5,1003,65.7,734,48.1,333,21.8,489,32,6350.86,4.16,1424,-13.795,"-0.01","-0.08","0.06"
"202223","Academic year","Local authority district","E92000001","England","E12000008","South East","E07000106","Canterbury","Revised","Pupil residency","State-funded schools (LA)",52,1491,68506.75,45.9,1406,94.3,685,45.9,988,66.3,499,33.5,226,15.2,333,22.3,5864.71,3.93,1404,-556.667,"-0.4","-0.47","-0.32"
"202223","Academic year","Local authority district","E92000001","England","E12000008","South East","E07000107","Dartford","Revised","Pupil residency","State-funded schools (LA)",76,1464,73815,50.4,1404,95.9,800,54.6,1050,71.7,532,36.3,351,24,430,29.4,6500.36,4.44,1388,192.579,"0.14","0.06","0.21"
"202223","Academic year","Local authority district","E92000001","England","E12000008","South East","E07000108","Dover","Revised","Pupil residency","State-funded schools (LA)",41,1232,52338.5,42.5,1190,96.6,500,40.6,731,59.3,459,37.3,206,16.7,315,25.6,4594.39,3.73,1156,-549.654,"-0.48","-0.56","-0.39"
"202223","Academic year","Local authority district","E92000001","England","E12000008","South East","E07000109","Gravesham","Revised","Pupil residency","State-funded schools (LA)",61,1392,63613.25,45.7,1343,96.5,646,46.4,914,65.7,515,37,244,17.5,328,23.6,5576.48,4.01,1315,14.743,"0.01","-0.07","0.09"
"202223","Academic year","Local authority district","E92000001","England","E12000008","South East","E07000110","Maidstone","Revised","Pupil residency","State-funded schools (LA)",75,1969,90725.88,46.1,1887,95.8,857,43.5,1288,65.4,913,46.4,396,20.1,587,29.8,8073.99,4.1,1839,-284.249,"-0.15","-0.22","-0.09"
"202223","Academic year","Local authority district","E92000001","England","E12000008","South East","E07000111","Sevenoaks","Revised","Pupil residency","State-funded schools (LA)",74,1199,60313.25,50.3,1151,96,638,53.2,861,71.8,534,44.5,284,23.7,367,30.6,5343.46,4.46,1111,45.971,"0.04","-0.04","0.12"
"202223","Academic year","Local authority district","E92000001","England","E12000008","South East","E07000112","Folkestone and Hythe","Revised","Pupil residency","State-funded schools (LA)",36,1117,47648.5,42.7,1062,95.1,431,38.6,662,59.3,360,32.2,162,14.5,234,20.9,4076.82,3.65,1082,-387.323,"-0.36","-0.44","-0.27"
"202223","Academic year","Local authority district","E92000001","England","E12000008","South East","E07000113","Swale","Revised","Pupil residency","State-funded schools (LA)",61,1769,73454.25,41.5,1659,93.8,651,36.8,1013,57.3,487,27.5,217,12.3,330,18.7,6211.57,3.51,1701,-838.84,"-0.49","-0.56","-0.43"
"202223","Academic year","Local authority district","E92000001","England","E12000008","South East","E07000114","Thanet","Revised","Pupil residency","State-funded schools (LA)",34,1532,65018,42.4,1431,93.4,576,37.6,893,58.3,367,24,177,11.6,254,16.6,5400.53,3.53,1459,-404.753,"-0.28","-0.35","-0.2"
"202223","Academic year","Local authority district","E92000001","England","E12000008","South East","E07000115","Tonbridge and Malling","Revised","Pupil residency","State-funded schools (LA)",73,1555,77272.88,49.7,1497,96.3,804,51.7,1086,69.8,698,44.9,364,23.4,472,30.4,6760.94,4.35,1439,127.462,"0.09","0.02","0.16"
"202223","Academic year","Local authority district","E92000001","England","E12000008","South East","E07000116","Tunbridge Wells","Revised","Pupil residency","State-funded schools (LA)",42,1378,74323.25,53.9,1341,97.3,847,61.5,1082,78.5,871,63.2,443,32.1,579,42,6751.08,4.9,1162,336.953,"0.29","0.21","0.37"
"202223","Academic year","Local authority district","E92000001","England","E12000002","North West","E07000117","Burnley","Revised","Pupil residency","State-funded schools (LA)",36,1136,45477,40,1077,94.8,413,36.4,620,54.6,458,40.3,124,10.9,198,17.4,4006.74,3.53,1080,-339.406,"-0.31","-0.4","-0.23"
"202223","Academic year","Local authority district","E92000001","England","E12000002","North West","E07000118","Chorley","Revised","Pupil residency","State-funded schools (LA)",56,1279,61557.5,48.1,1235,96.6,652,51,907,70.9,386,30.2,208,16.3,282,22,5345.59,4.18,1249,16.184,"0.01","-0.07","0.09"
"202223","Academic year","Local authority district","E92000001","England","E12000002","North West","E07000119","Fylde","Revised","Pupil residency","State-funded schools (LA)",35,655,29740.25,45.4,631,96.3,282,43.1,430,65.6,141,21.5,55,8.4,76,11.6,2510.81,3.83,640,-182.566,"-0.29","-0.39","-0.18"
"202223","Academic year","Local authority district","E92000001","England","E12000002","North West","E07000120","Hyndburn","Revised","Pupil residency","State-funded schools (LA)",39,981,40094.75,40.9,934,95.2,335,34.1,558,56.9,252,25.7,60,6.1,120,12.2,3352.58,3.42,938,-392.023,"-0.42","-0.51","-0.33"
"202223","Academic year","Local authority district","E92000001","England","E12000002","North West","E07000121","Lancaster","Revised","Pupil residency","State-funded schools (LA)",27,1393,62100.5,44.6,1320,94.8,578,41.5,858,61.6,397,28.5,157,11.3,217,15.6,5276.73,3.79,1338,-236.257,"-0.18","-0.25","-0.1"
"202223","Academic year","Local authority district","E92000001","England","E12000002","North West","E07000122","Pendle","Revised","Pupil residency","State-funded schools (LA)",34,1216,49476.25,40.7,1168,96.1,424,34.9,682,56.1,445,36.6,120,9.9,201,16.5,4280.66,3.52,1122,-229.059,"-0.2","-0.29","-0.12"
"202223","Academic year","Local authority district","E92000001","England","E12000002","North West","E07000123","Preston","Revised","Pupil residency","State-funded schools (LA)",53,1735,82638.5,47.6,1673,96.4,814,46.9,1158,66.7,628,36.2,303,17.5,407,23.5,7265.32,4.19,1597,153.569,"0.1","0.03","0.17"
"202223","Academic year","Local authority district","E92000001","England","E12000002","North West","E07000124","Ribble Valley","Revised","Pupil residency","State-funded schools (LA)",36,644,32271.5,50.1,637,98.9,328,50.9,471,73.1,180,28,87,13.5,134,20.8,2752.3,4.27,624,11.098,"0.02","-0.09","0.13"
"202223","Academic year","Local authority district","E92000001","England","E12000002","North West","E07000125","Rossendale","Revised","Pupil residency","State-funded schools (LA)",45,848,39095.75,46.1,816,96.2,401,47.3,575,67.8,249,29.4,105,12.4,144,17,3363.93,3.97,831,-173.748,"-0.21","-0.31","-0.11"
"202223","Academic year","Local authority district","E92000001","England","E12000002","North West","E07000126","South Ribble","Revised","Pupil residency","State-funded schools (LA)",52,1213,56581.5,46.6,1175,96.9,567,46.7,831,68.5,395,32.6,181,14.9,283,23.3,4942.74,4.07,1179,-69.901,"-0.06","-0.14","0.02"
"202223","Academic year","Local authority district","E92000001","England","E12000002","North West","E07000127","West Lancashire","Revised","Pupil residency","State-funded schools (LA)",57,1186,52393,44.2,1140,96.1,503,42.4,757,63.8,351,29.6,128,10.8,197,16.6,4511.04,3.8,1158,-353.133,"-0.3","-0.39","-0.22"
"202223","Academic year","Local authority district","E92000001","England","E12000002","North West","E07000128","Wyre","Revised","Pupil residency","State-funded schools (LA)",33,1083,46718.5,43.1,1040,96,435,40.2,688,63.5,291,26.9,96,8.9,143,13.2,3979.2,3.67,1062,-328.807,"-0.31","-0.39","-0.22"
"202223","Academic year","Local authority district","E92000001","England","E12000004","East Midlands","E07000129","Blaby","Revised","Pupil residency","State-funded schools (LA)",48,1135,51045.5,45,1095,96.5,510,44.9,754,66.4,351,30.9,118,10.4,178,15.7,4384.33,3.86,1105,-144.325,"-0.13","-0.21","-0.05"
"202223","Academic year","Local authority district","E92000001","England","E12000004","East Midlands","E07000130","Charnwood","Revised","Pupil residency","State-funded schools (LA)",50,1758,83996.25,47.8,1702,96.8,876,49.8,1227,69.8,859,48.9,384,21.8,548,31.2,7543.7,4.29,1694,-22.938,"-0.01","-0.08","0.05"
"202223","Academic year","Local authority district","E92000001","England","E12000004","East Midlands","E07000131","Harborough","Revised","Pupil residency","State-funded schools (LA)",43,1067,51871.75,48.6,1050,98.4,534,50,797,74.7,565,53,217,20.3,306,28.7,4647.59,4.36,1040,134.799,"0.13","0.04","0.22"
"202223","Academic year","Local authority district","E92000001","England","E12000004","East Midlands","E07000132","Hinckley and Bosworth","Revised","Pupil residency","State-funded schools (LA)",50,1200,56012,46.7,1171,97.6,565,47.1,825,68.8,310,25.8,154,12.8,210,17.5,4823.48,4.02,1184,110.77,"0.09","0.01","0.17"
"202223","Academic year","Local authority district","E92000001","England","E12000004","East Midlands","E07000133","Melton","Revised","Pupil residency","State-funded schools (LA)",27,555,26393,47.6,541,97.5,258,46.5,374,67.4,135,24.3,77,13.9,100,18,2283.64,4.11,541,-32.037,"-0.06","-0.18","0.06"
"202223","Academic year","Local authority district","E92000001","England","E12000004","East Midlands","E07000134","North West Leicestershire","Revised","Pupil residency","State-funded schools (LA)",45,1112,46067,41.4,1079,97,402,36.2,638,57.4,325,29.2,136,12.2,201,18.1,4042,3.63,1080,-498.354,"-0.46","-0.55","-0.38"
"202223","Academic year","Local authority district","E92000001","England","E12000004","East Midlands","E07000135","Oadby and Wigston","Revised","Pupil residency","State-funded schools (LA)",27,648,31231.25,48.2,627,96.8,318,49.1,455,70.2,407,62.8,157,24.2,228,35.2,2844.85,4.39,616,53.366,"0.09","-0.03","0.2"
"202223","Academic year","Local authority district","E92000001","England","E12000004","East Midlands","E07000136","Boston","Revised","Pupil residency","State-funded schools (LA)",29,808,31388.5,38.8,767,94.9,227,28.1,399,49.4,240,29.7,75,9.3,116,14.4,2669.38,3.3,736,-256.858,"-0.35","-0.45","-0.25"
"202223","Academic year","Local authority district","E92000001","England","E12000004","East Midlands","E07000137","East Lindsey","Revised","Pupil residency","State-funded schools (LA)",48,1332,57910,43.5,1263,94.8,473,35.5,792,59.5,460,34.5,188,14.1,295,22.1,5033.95,3.78,1268,-160.431,"-0.13","-0.2","-0.05"
"202223","Academic year","Local authority district","E92000001","England","E12000004","East Midlands","E07000138","Lincoln","Revised","Pupil residency","State-funded schools (LA)",23,953,38584,40.5,912,95.7,335,35.2,547,57.4,325,34.1,125,13.1,189,19.8,3357.74,3.52,897,-364.75,"-0.41","-0.5","-0.31"
"202223","Academic year","Local authority district","E92000001","England","E12000004","East Midlands","E07000139","North Kesteven","Revised","Pupil residency","State-funded schools (LA)",38,1204,56091.5,46.6,1170,97.2,528,43.9,813,67.5,630,52.3,234,19.4,372,30.9,4999.78,4.15,1162,-66.34,"-0.06","-0.14","0.02"
"202223","Academic year","Local authority district","E92000001","England","E12000004","East Midlands","E07000140","South Holland","Revised","Pupil residency","State-funded schools (LA)",33,959,42554.5,44.4,930,97,341,35.6,571,59.5,280,29.2,113,11.8,160,16.7,3577.93,3.73,919,94.086,"0.1","0.01","0.19"
"202223","Academic year","Local authority district","E92000001","England","E12000004","East Midlands","E07000141","South Kesteven","Revised","Pupil residency","State-funded schools (LA)",44,1639,82502,50.3,1591,97.1,835,50.9,1142,69.7,640,39,373,22.8,480,29.3,7260.66,4.43,1560,533.176,"0.34","0.27","0.41"
"202223","Academic year","Local authority district","E92000001","England","E12000004","East Midlands","E07000142","West Lindsey","Revised","Pupil residency","State-funded schools (LA)",44,992,46143.01,46.5,961,96.9,442,44.6,664,66.9,385,38.8,144,14.5,209,21.1,3991.76,4.02,964,99.28,"0.1","0.01","0.19"
"202223","Academic year","Local authority district","E92000001","England","E12000006","East of England","E07000143","Breckland","Revised","Pupil residency","State-funded schools (LA)",48,1365,60639.25,44.4,1331,97.5,562,41.2,872,63.9,695,50.9,203,14.9,325,23.8,5515.01,4.04,1318,101.007,"0.08","0","0.15"
"202223","Academic year","Local authority district","E92000001","England","E12000006","East of England","E07000144","Broadland","Revised","Pupil residency","State-funded schools (LA)",30,1319,63193.5,47.9,1285,97.4,646,49,926,70.2,570,43.2,270,20.5,372,28.2,5656.73,4.29,1293,46.958,"0.04","-0.04","0.11"
"202223","Academic year","Local authority district","E92000001","England","E12000006","East of England","E07000145","Great Yarmouth","Revised","Pupil residency","State-funded schools (LA)",26,1077,45630.25,42.4,1039,96.5,396,36.8,621,57.7,298,27.7,121,11.2,167,15.5,3857.12,3.58,1045,-170.287,"-0.16","-0.25","-0.08"
"202223","Academic year","Local authority district","E92000001","England","E12000006","East of England","E07000146","King's Lynn and West Norfolk","Revised","Pupil residency","State-funded schools (LA)",35,1405,57971.25,41.3,1358,96.7,505,35.9,812,57.8,600,42.7,174,12.4,282,20.1,5169.9,3.68,1351,-238.823,"-0.18","-0.25","-0.1"
"202223","Academic year","Local authority district","E92000001","England","E12000006","East of England","E07000147","North Norfolk","Revised","Pupil residency","State-funded schools (LA)",32,821,35441.25,43.2,780,95,330,40.2,522,63.6,334,40.7,112,13.6,172,21,3159.43,3.85,801,-116.383,"-0.15","-0.24","-0.05"
"202223","Academic year","Local authority district","E92000001","England","E12000006","East of England","E07000148","Norwich","Revised","Pupil residency","State-funded schools (LA)",37,1230,53441.75,43.4,1179,95.9,485,39.4,750,61,438,35.6,143,11.6,210,17.1,4643.88,3.78,1157,-113.871,"-0.1","-0.18","-0.02"
"202223","Academic year","Local authority district","E92000001","England","E12000006","East of England","E07000149","South Norfolk","Revised","Pupil residency","State-funded schools (LA)",39,1386,68207.5,49.2,1354,97.7,694,50.1,1003,72.4,682,49.2,294,21.2,419,30.2,6084.15,4.39,1327,414.73,"0.31","0.24","0.39"
"202223","Academic year","Local authority district","E92000001","England","E12000004","East Midlands","E07000170","Ashfield","Revised","Pupil residency","State-funded schools (LA)",48,1415,59129.75,41.8,1365,96.5,503,35.5,797,56.3,537,38,156,11,246,17.4,5081.6,3.59,1377,-368.795,"-0.27","-0.34","-0.19"
"202223","Academic year","Local authority district","E92000001","England","E12000004","East Midlands","E07000171","Bassetlaw","Revised","Pupil residency","State-funded schools (LA)",43,1229,54171.76,44.1,1188,96.7,534,43.4,763,62.1,366,29.8,176,14.3,257,20.9,4693.12,3.82,1200,-120.938,"-0.1","-0.18","-0.02"
"202223","Academic year","Local authority district","E92000001","England","E12000004","East Midlands","E07000172","Broxtowe","Revised","Pupil residency","State-funded schools (LA)",39,1083,52643.75,48.6,1060,97.9,528,48.8,772,71.3,407,37.6,205,18.9,285,26.3,4708.78,4.35,1026,62.982,"0.06","-0.03","0.15"
"202223","Academic year","Local authority district","E92000001","England","E12000004","East Midlands","E07000173","Gedling","Revised","Pupil residency","State-funded schools (LA)",47,1268,60373.75,47.6,1243,98,607,47.9,876,69.1,475,37.5,211,16.6,318,25.1,5299.25,4.18,1226,72.116,"0.06","-0.02","0.14"
"202223","Academic year","Local authority district","E92000001","England","E12000004","East Midlands","E07000174","Mansfield","Revised","Pupil residency","State-funded schools (LA)",33,1223,50044.75,40.9,1170,95.7,413,33.8,670,54.8,401,32.8,120,9.8,201,16.4,4276.5,3.5,1150,-249.526,"-0.22","-0.3","-0.14"
"202223","Academic year","Local authority district","E92000001","England","E12000004","East Midlands","E07000175","Newark and Sherwood","Revised","Pupil residency","State-funded schools (LA)",44,1265,58828,46.5,1230,97.2,593,46.9,865,68.4,426,33.7,187,14.8,270,21.3,5112.95,4.04,1221,-14.688,"-0.01","-0.09","0.07"
"202223","Academic year","Local authority district","E92000001","England","E12000004","East Midlands","E07000176","Rushcliffe","Revised","Pupil residency","State-funded schools (LA)",43,1327,74148.75,55.9,1298,97.8,864,65.1,1083,81.6,735,55.4,411,31,522,39.3,6690.8,5.04,1264,674.141,"0.53","0.46","0.61"
"202223","Academic year","Local authority district","E92000001","England","E12000008","South East","E07000177","Cherwell","Revised","Pupil residency","State-funded schools (LA)",42,1692,74917.5,44.3,1626,96.1,711,42,1025,60.6,661,39.1,241,14.2,354,20.9,6655.79,3.93,1592,-207.062,"-0.13","-0.2","-0.06"
"202223","Academic year","Local authority district","E92000001","England","E12000008","South East","E07000178","Oxford","Revised","Pupil residency","State-funded schools (LA)",33,1239,57281,46.2,1168,94.3,583,47.1,787,63.5,482,38.9,254,20.5,320,25.8,5122.38,4.13,1114,114.005,"0.1","0.02","0.19"
"202223","Academic year","Local authority district","E92000001","England","E12000008","South East","E07000179","South Oxfordshire","Revised","Pupil residency","State-funded schools (LA)",47,1386,68920.75,49.7,1335,96.3,766,55.3,1008,72.7,546,39.4,302,21.8,412,29.7,6159.67,4.44,1290,324.098,"0.25","0.17","0.33"
"202223","Academic year","Local authority district","E92000001","England","E12000008","South East","E07000180","Vale of White Horse","Revised","Pupil residency","State-funded schools (LA)",42,1319,61676,46.8,1246,94.5,629,47.7,879,66.6,429,32.5,225,17.1,310,23.5,5373.26,4.07,1244,2.728,"0","-0.08","0.08"
"202223","Academic year","Local authority district","E92000001","England","E12000008","South East","E07000181","West Oxfordshire","Revised","Pupil residency","State-funded schools (LA)",25,1160,56477.5,48.7,1113,95.9,593,51.1,818,70.5,270,23.3,158,13.6,201,17.3,4832.46,4.17,1047,135.606,"0.13","0.04","0.22"
"202223","Academic year","Local authority district","E92000001","England","E12000005","West Midlands","E07000192","Cannock Chase","Revised","Pupil residency","State-funded schools (LA)",47,1046,45685,43.7,1005,96.1,390,37.3,625,59.8,99,9.5,42,4,62,5.9,3676.67,3.51,1026,-169.763,"-0.17","-0.25","-0.08"
"202223","Academic year","Local authority district","E92000001","England","E12000005","West Midlands","E07000193","East Staffordshire","Revised","Pupil residency","State-funded schools (LA)",35,1377,61703.5,44.8,1336,97,565,41,863,62.7,510,37,196,14.2,307,22.3,5349.36,3.88,1314,-78.589,"-0.06","-0.14","0.02"
"202223","Academic year","Local authority district","E92000001","England","E12000005","West Midlands","E07000194","Lichfield","Revised","Pupil residency","State-funded schools (LA)",43,1069,51840,48.5,1032,96.5,507,47.4,735,68.8,399,37.3,195,18.2,285,26.7,4479.82,4.19,1035,41.394,"0.04","-0.05","0.13"
"202223","Academic year","Local authority district","E92000001","England","E12000005","West Midlands","E07000195","Newcastle-under-Lyme","Revised","Pupil residency","State-funded schools (LA)",44,1240,53926.25,43.5,1204,97.1,458,36.9,756,61,350,28.2,151,12.2,207,16.7,4596.79,3.71,1201,-412.338,"-0.34","-0.42","-0.26"
"202223","Academic year","Local authority district","E92000001","England","E12000005","West Midlands","E07000196","South Staffordshire","Revised","Pupil residency","State-funded schools (LA)",69,1068,50408.5,47.2,1037,97.1,486,45.5,703,65.8,292,27.3,115,10.8,172,16.1,4186.13,3.92,1050,27.027,"0.03","-0.06","0.11"
"202223","Academic year","Local authority district","E92000001","England","E12000005","West Midlands","E07000197","Stafford","Revised","Pupil residency","State-funded schools (LA)",53,1361,64105.75,47.1,1319,96.9,608,44.7,890,65.4,398,29.2,210,15.4,279,20.5,5566.5,4.09,1305,-17.248,"-0.01","-0.09","0.06"
"202223","Academic year","Local authority district","E92000001","England","E12000005","West Midlands","E07000198","Staffordshire Moorlands","Revised","Pupil residency","State-funded schools (LA)",41,952,43588.25,45.8,928,97.5,408,42.9,641,67.3,399,41.9,144,15.1,237,24.9,3753.06,3.94,939,-140.88,"-0.15","-0.24","-0.06"
"202223","Academic year","Local authority district","E92000001","England","E12000005","West Midlands","E07000199","Tamworth","Revised","Pupil residency","State-funded schools (LA)",30,831,34052.25,41,796,95.8,278,33.5,465,56,298,35.9,78,9.4,140,16.8,2929.07,3.52,818,-308.214,"-0.38","-0.47","-0.28"
"202223","Academic year","Local authority district","E92000001","England","E12000006","East of England","E07000200","Babergh","Revised","Pupil residency","State-funded schools (LA)",41,904,40220.5,44.5,873,96.6,365,40.4,544,60.2,238,26.3,97,10.7,149,16.5,3458.85,3.83,879,-82.001,"-0.09","-0.19","0"
"202223","Academic year","Local authority district","E92000001","England","E12000006","East of England","E07000202","Ipswich","Revised","Pupil residency","State-funded schools (LA)",34,1566,65149.5,41.6,1464,93.5,601,38.4,933,59.6,352,22.5,147,9.4,216,13.8,5552.97,3.55,1480,-215.611,"-0.15","-0.22","-0.07"
"202223","Academic year","Local authority district","E92000001","England","E12000006","East of England","E07000203","Mid Suffolk","Revised","Pupil residency","State-funded schools (LA)",39,1014,47074.25,46.4,984,97,465,45.9,692,68.2,322,31.8,127,12.5,196,19.3,4062.57,4.01,977,87.149,"0.09","0","0.18"
"202223","Academic year","Local authority district","E92000001","England","E12000008","South East","E07000207","Elmbridge","Revised","Pupil residency","State-funded schools (LA)",58,1137,62071.75,54.6,1101,96.8,718,63.1,897,78.9,547,48.1,332,29.2,433,38.1,5596.01,4.92,1057,391.904,"0.37","0.29","0.46"
"202223","Academic year","Local authority district","E92000001","England","E12000008","South East","E07000208","Epsom and Ewell","Revised","Pupil residency","State-funded schools (LA)",47,897,49738.25,55.4,868,96.8,561,62.5,706,78.7,470,52.4,282,31.4,339,37.8,4545.95,5.07,848,329.987,"0.39","0.29","0.48"
"202223","Academic year","Local authority district","E92000001","England","E12000008","South East","E07000209","Guildford","Revised","Pupil residency","State-funded schools (LA)",51,1180,63235.5,53.6,1142,96.8,685,58.1,906,76.8,523,44.3,263,22.3,344,29.2,5626.43,4.77,1072,498.589,"0.47","0.38","0.55"
"202223","Academic year","Local authority district","E92000001","England","E12000008","South East","E07000210","Mole Valley","Revised","Pupil residency","State-funded schools (LA)",47,809,41804.25,51.7,783,96.8,453,56,612,75.6,422,52.2,204,25.2,293,36.2,3834.44,4.74,765,147.767,"0.19","0.09","0.29"
"202223","Academic year","Local authority district","E92000001","England","E12000008","South East","E07000211","Reigate and Banstead","Revised","Pupil residency","State-funded schools (LA)",63,1632,80715.5,49.5,1576,96.6,884,54.2,1182,72.4,737,45.2,330,20.2,482,29.5,7221.99,4.43,1519,193.013,"0.13","0.06","0.2"
"202223","Academic year","Local authority district","E92000001","England","E12000008","South East","E07000212","Runnymede","Revised","Pupil residency","State-funded schools (LA)",43,736,37337.5,50.7,715,97.1,401,54.5,548,74.5,304,41.3,146,19.8,202,27.4,3254.79,4.42,696,65.067,"0.09","-0.01","0.2"
"202223","Academic year","Local authority district","E92000001","England","E12000008","South East","E07000213","Spelthorne","Revised","Pupil residency","State-funded schools (LA)",77,1104,52379.5,47.4,1054,95.5,509,46.1,732,66.3,232,21,123,11.1,163,14.8,4463.01,4.04,1032,32.513,"0.03","-0.05","0.12"
"202223","Academic year","Local authority district","E92000001","England","E12000008","South East","E07000214","Surrey Heath","Revised","Pupil residency","State-funded schools (LA)",43,967,51026.25,52.8,934,96.6,569,58.8,741,76.6,291,30.1,182,18.8,235,24.3,4485.52,4.64,886,273.048,"0.31","0.22","0.4"
"202223","Academic year","Local authority district","E92000001","England","E12000008","South East","E07000215","Tandridge","Revised","Pupil residency","State-funded schools (LA)",57,833,37671,45.2,788,94.6,353,42.4,531,63.7,267,32.1,119,14.3,178,21.4,3248.01,3.9,795,-175.946,"-0.22","-0.32","-0.12"
"202223","Academic year","Local authority district","E92000001","England","E12000008","South East","E07000216","Waverley","Revised","Pupil residency","State-funded schools (LA)",39,1154,62907.89,54.5,1125,97.5,685,59.4,907,78.6,479,41.5,295,25.6,382,33.1,5619.72,4.87,1103,296.158,"0.27","0.19","0.35"
"202223","Academic year","Local authority district","E92000001","England","E12000008","South East","E07000217","Woking","Revised","Pupil residency","State-funded schools (LA)",39,1117,56877.25,50.9,1074,96.2,603,54,816,73.1,579,51.8,287,25.7,402,36,5107.49,4.57,1018,186.704,"0.18","0.1","0.27"
"202223","Academic year","Local authority district","E92000001","England","E12000005","West Midlands","E07000218","North Warwickshire","Revised","Pupil residency","State-funded schools (LA)",53,650,28151,43.3,624,96,253,38.9,409,62.9,207,31.8,65,10,108,16.6,2407,3.7,637,-149.435,"-0.23","-0.34","-0.12"
"202223","Academic year","Local authority district","E92000001","England","E12000005","West Midlands","E07000219","Nuneaton and Bedworth","Revised","Pupil residency","State-funded schools (LA)",49,1566,67301.75,43,1472,94,639,40.8,933,59.6,389,24.8,142,9.1,210,13.4,5661.41,3.62,1508,-276.494,"-0.18","-0.25","-0.11"
"202223","Academic year","Local authority district","E92000001","England","E12000005","West Midlands","E07000220","Rugby","Revised","Pupil residency","State-funded schools (LA)",42,1233,59541.25,48.3,1188,96.4,634,51.4,858,69.6,474,38.4,249,20.2,335,27.2,5237.86,4.25,1162,23.9,"0.02","-0.06","0.1"
"202223","Academic year","Local authority district","E92000001","England","E12000005","West Midlands","E07000221","Stratford-on-Avon","Revised","Pupil residency","State-funded schools (LA)",46,1281,66104.5,51.6,1242,97,689,53.8,965,75.3,478,37.3,260,20.3,351,27.4,5852.86,4.57,1213,265.096,"0.22","0.14","0.3"
"202223","Academic year","Local authority district","E92000001","England","E12000005","West Midlands","E07000222","Warwick","Revised","Pupil residency","State-funded schools (LA)",39,1296,67725.25,52.3,1247,96.2,704,54.3,956,73.8,489,37.7,271,20.9,363,28,5875.73,4.53,1221,362.436,"0.3","0.22","0.38"
"202223","Academic year","Local authority district","E92000001","England","E12000008","South East","E07000223","Adur","Revised","Pupil residency","State-funded schools (LA)",24,588,27543.25,46.8,563,95.7,292,49.7,414,70.4,299,50.9,129,21.9,194,33,2520.25,4.29,572,39.906,"0.07","-0.05","0.19"
"202223","Academic year","Local authority district","E92000001","England","E12000008","South East","E07000224","Arun","Revised","Pupil residency","State-funded schools (LA)",26,1454,61106.75,42,1393,95.8,542,37.3,838,57.6,321,22.1,139,9.6,222,15.3,5125.58,3.53,1393,-278.436,"-0.2","-0.27","-0.13"
"202223","Academic year","Local authority district","E92000001","England","E12000008","South East","E07000225","Chichester","Revised","Pupil residency","State-funded schools (LA)",31,1017,46045.5,45.3,980,96.4,437,43,656,64.5,260,25.6,124,12.2,178,17.5,3933.28,3.87,964,-3.691,"0","-0.09","0.09"
"202223","Academic year","Local authority district","E92000001","England","E12000008","South East","E07000226","Crawley","Revised","Pupil residency","State-funded schools (LA)",32,1379,58468.5,42.4,1319,95.6,504,36.5,836,60.6,350,25.4,131,9.5,186,13.5,5069.29,3.68,1293,-327.674,"-0.25","-0.33","-0.18"
"202223","Academic year","Local authority district","E92000001","England","E12000008","South East","E07000227","Horsham","Revised","Pupil residency","State-funded schools (LA)",45,1477,75288.5,51,1440,97.5,799,54.1,1098,74.3,606,41,294,19.9,422,28.6,6623.21,4.48,1407,463.788,"0.33","0.26","0.4"
"202223","Academic year","Local authority district","E92000001","England","E12000008","South East","E07000228","Mid Sussex","Revised","Pupil residency","State-funded schools (LA)",46,1530,76211.76,49.8,1476,96.5,803,52.5,1125,73.5,699,45.7,354,23.1,496,32.4,6817.97,4.46,1455,338.365,"0.23","0.16","0.31"
"202223","Academic year","Local authority district","E92000001","England","E12000008","South East","E07000229","Worthing","Revised","Pupil residency","State-funded schools (LA)",23,1135,54122,47.7,1084,95.5,539,47.5,793,69.9,359,31.6,163,14.4,237,20.9,4627.51,4.08,1096,193.935,"0.18","0.09","0.26"
"202223","Academic year","Local authority district","E92000001","England","E12000005","West Midlands","E07000234","Bromsgrove","Revised","Pupil residency","State-funded schools (LA)",52,1008,48632.75,48.2,966,95.8,530,52.6,745,73.9,559,55.5,189,18.8,297,29.5,4405.09,4.37,984,-37.617,"-0.04","-0.13","0.05"
"202223","Academic year","Local authority district","E92000001","England","E12000005","West Midlands","E07000235","Malvern Hills","Revised","Pupil residency","State-funded schools (LA)",32,709,33052,46.6,676,95.3,304,42.9,470,66.3,254,35.8,99,14,154,21.7,2890.12,4.08,675,47.013,"0.07","-0.04","0.18"
"202223","Academic year","Local authority district","E92000001","England","E12000005","West Midlands","E07000236","Redditch","Revised","Pupil residency","State-funded schools (LA)",35,1022,44424,43.5,976,95.5,397,38.8,618,60.5,280,27.4,90,8.8,127,12.4,3758.67,3.68,1009,33.099,"0.03","-0.05","0.12"
"202223","Academic year","Local authority district","E92000001","England","E12000005","West Midlands","E07000237","Worcester","Revised","Pupil residency","State-funded schools (LA)",21,1039,47782,46,995,95.8,470,45.2,674,64.9,332,32,149,14.3,213,20.5,4121.35,3.97,994,19.507,"0.02","-0.07","0.11"
"202223","Academic year","Local authority district","E92000001","England","E12000005","West Midlands","E07000238","Wychavon","Revised","Pupil residency","State-funded schools (LA)",55,1247,58012.5,46.5,1208,96.9,600,48.1,863,69.2,423,33.9,183,14.7,260,20.9,5075.08,4.07,1199,143.035,"0.12","0.04","0.2"
"202223","Academic year","Local authority district","E92000001","England","E12000005","West Midlands","E07000239","Wyre Forest","Revised","Pupil residency","State-funded schools (LA)",35,1028,43434.25,42.3,978,95.1,405,39.4,589,57.3,429,41.7,162,15.8,245,23.8,3810.16,3.71,1003,-272.81,"-0.27","-0.36","-0.18"
"202223","Academic year","Local authority district","E92000001","England","E12000006","East of England","E07000240","St Albans","Revised","Pupil residency","State-funded schools (LA)",53,1841,107110.26,58.2,1807,98.2,1249,67.8,1548,84.1,1024,55.6,605,32.9,786,42.7,9745.87,5.29,1694,924.656,"0.55","0.48","0.61"
"202223","Academic year","Local authority district","E92000001","England","E12000006","East of England","E07000241","Welwyn Hatfield","Revised","Pupil residency","State-funded schools (LA)",66,1190,58431.75,49.1,1147,96.4,604,50.8,831,69.8,590,49.6,273,22.9,374,31.4,5233.22,4.4,1129,321.608,"0.28","0.2","0.37"
"202223","Academic year","Local authority district","E92000001","England","E12000006","East of England","E07000242","East Hertfordshire","Revised","Pupil residency","State-funded schools (LA)",57,1634,86522.25,53,1589,97.2,935,57.2,1287,78.8,869,53.2,530,32.4,697,42.7,7910.73,4.84,1518,356.902,"0.24","0.16","0.31"
"202223","Academic year","Local authority district","E92000001","England","E12000006","East of England","E07000243","Stevenage","Revised","Pupil residency","State-funded schools (LA)",46,1073,48515.75,45.2,1023,95.3,446,41.6,678,63.2,269,25.1,121,11.3,182,17,4106.71,3.83,1032,39.399,"0.04","-0.05","0.12"
"202223","Academic year","Local authority district","E92000001","England","E12000006","East of England","E07000244","East Suffolk","Revised","Pupil residency","State-funded schools (LA)",53,2355,102215.25,43.4,2247,95.4,932,39.6,1472,62.5,500,21.2,238,10.1,338,14.4,8679.19,3.69,2273,-374.782,"-0.16","-0.22","-0.11"
"202223","Academic year","Local authority district","E92000001","England","E12000006","East of England","E07000245","West Suffolk","Revised","Pupil residency","State-funded schools (LA)",34,1668,73180.75,43.9,1608,96.4,649,38.9,1032,61.9,670,40.2,216,12.9,336,20.1,6458.3,3.87,1598,-138.418,"-0.09","-0.16","-0.02"
"202223","Academic year","Local authority district","E92000001","England","E12000002","North West","E08000001","Bolton","Revised","Pupil residency","State-funded schools (LA)",64,3754,169581.5,45.2,3644,97.1,1619,43.1,2359,62.8,1158,30.8,478,12.7,723,19.3,14524.55,3.87,3479,-258.651,"-0.07","-0.12","-0.03"
"202223","Academic year","Local authority district","E92000001","England","E12000002","North West","E08000002","Bury","Revised","Pupil residency","State-funded schools (LA)",60,2195,100292,45.7,2149,97.9,936,42.6,1445,65.8,704,32.1,297,13.5,470,21.4,8711.44,3.97,2071,-173.09,"-0.08","-0.14","-0.02"
"202223","Academic year","Local authority district","E92000001","England","E12000002","North West","E08000003","Manchester","Revised","Pupil residency","State-funded schools (LA)",125,6678,302060.25,45.2,6419,96.1,2806,42,4102,61.4,2964,44.4,1152,17.3,1689,25.3,26650.19,3.99,5955,-228.666,"-0.04","-0.07","0"
"202223","Academic year","Local authority district","E92000001","England","E12000002","North West","E08000004","Oldham","Revised","Pupil residency","State-funded schools (LA)",63,3256,139145,42.7,3135,96.3,1218,37.4,1953,60,1227,37.7,440,13.5,680,20.9,11929.3,3.66,3064,-579.717,"-0.19","-0.24","-0.14"
"202223","Academic year","Local authority district","E92000001","England","E12000002","North West","E08000005","Rochdale","Revised","Pupil residency","State-funded schools (LA)",68,2984,126198.25,42.3,2868,96.1,1143,38.3,1735,58.1,1116,37.4,318,10.7,519,17.4,10844.47,3.63,2800,-680.43,"-0.24","-0.3","-0.19"
"202223","Academic year","Local authority district","E92000001","England","E12000002","North West","E08000006","Salford","Revised","Pupil residency","State-funded schools (LA)",83,2726,113301,41.6,2583,94.8,1029,37.7,1527,56,871,32,348,12.8,517,19,9788.94,3.59,2530,-1144.06,"-0.45","-0.51","-0.4"
"202223","Academic year","Local authority district","E92000001","England","E12000002","North West","E08000007","Stockport","Revised","Pupil residency","State-funded schools (LA)",79,3140,149833.75,47.7,3000,95.5,1513,48.2,2130,67.8,1532,48.8,465,14.8,666,21.2,13037.16,4.15,3001,-20.188,"-0.01","-0.06","0.04"
"202223","Academic year","Local authority district","E92000001","England","E12000002","North West","E08000008","Tameside","Revised","Pupil residency","State-funded schools (LA)",80,2770,121202,43.8,2665,96.2,1138,41.1,1716,61.9,1096,39.6,379,13.7,588,21.2,10503.26,3.79,2647,-455.733,"-0.17","-0.23","-0.12"
"202223","Academic year","Local authority district","E92000001","England","E12000002","North West","E08000009","Trafford","Revised","Pupil residency","State-funded schools (LA)",68,2949,161762.59,54.9,2876,97.5,1760,59.7,2271,77,1391,47.2,828,28.1,1061,36,14495.44,4.92,2666,479.65,"0.18","0.13","0.23"
"202223","Academic year","Local authority district","E92000001","England","E12000002","North West","E08000010","Wigan","Revised","Pupil residency","State-funded schools (LA)",83,3573,156012,43.7,3471,97.1,1409,39.4,2193,61.4,1031,28.9,367,10.3,567,15.9,13306.94,3.72,3469,-1438.827,"-0.41","-0.46","-0.37"
"202223","Academic year","Local authority district","E92000001","England","E12000002","North West","E08000011","Knowsley","Revised","Pupil residency","State-funded schools (LA)",66,1746,66388.5,38,1637,93.8,504,28.9,886,50.7,530,30.4,158,9,265,15.2,5648.97,3.24,1702,-1265.024,"-0.74","-0.81","-0.68"
"202223","Academic year","Local authority district","E92000001","England","E12000002","North West","E08000012","Liverpool","Revised","Pupil residency","State-funded schools (LA)",86,4871,198920,40.8,4565,93.7,1721,35.3,2635,54.1,1562,32.1,606,12.4,890,18.3,16930.62,3.48,4560,-2113.959,"-0.46","-0.5","-0.42"
"202223","Academic year","Local authority district","E92000001","England","E12000002","North West","E08000013","St. Helens","Revised","Pupil residency","State-funded schools (LA)",59,2001,85987,43,1911,95.5,769,38.4,1174,58.7,768,38.4,284,14.2,433,21.6,7308.27,3.65,1935,-608.301,"-0.31","-0.38","-0.25"
"202223","Academic year","Local authority district","E92000001","England","E12000002","North West","E08000014","Sefton","Revised","Pupil residency","State-funded schools (LA)",69,2813,120681.75,42.9,2671,95,1049,37.3,1687,60,943,33.5,307,10.9,519,18.5,10295.22,3.66,2723,-1124.711,"-0.41","-0.47","-0.36"
"202223","Academic year","Local authority district","E92000001","England","E12000002","North West","E08000015","Wirral","Revised","Pupil residency","State-funded schools (LA)",47,3772,167928.75,44.5,3623,96,1585,42,2315,61.4,1763,46.7,687,18.2,1045,27.7,14618.19,3.88,3594,-423.292,"-0.12","-0.16","-0.07"
"202223","Academic year","Local authority district","E92000001","England","E12000003","Yorkshire and The Humber","E08000016","Barnsley","Revised","Pupil residency","State-funded schools (LA)",49,2683,118645.25,44.2,2580,96.2,1172,43.7,1666,62.1,1058,39.4,409,15.2,620,23.1,10357.79,3.86,2608,-348.101,"-0.13","-0.19","-0.08"
"202223","Academic year","Local authority district","E92000001","England","E12000003","Yorkshire and The Humber","E08000017","Doncaster","Revised","Pupil residency","State-funded schools (LA)",68,3371,150212.5,44.6,3261,96.7,1418,42.1,2110,62.6,825,24.5,367,10.9,550,16.3,12458.64,3.7,3228,-5.167,"0","-0.05","0.05"
"202223","Academic year","Local authority district","E92000001","England","E12000003","Yorkshire and The Humber","E08000018","Rotherham","Revised","Pupil residency","State-funded schools (LA)",63,3107,134104.75,43.2,2993,96.3,1213,39,1861,59.9,833,26.8,269,8.7,421,13.6,11111.65,3.58,3014,-390.388,"-0.13","-0.18","-0.08"
"202223","Academic year","Local authority district","E92000001","England","E12000003","Yorkshire and The Humber","E08000019","Sheffield","Revised","Pupil residency","State-funded schools (LA)",56,6016,265408,44.1,5733,95.3,2559,42.5,3730,62,2450,40.7,1010,16.8,1499,24.9,23249.94,3.86,5710,-554.636,"-0.1","-0.13","-0.06"
"202223","Academic year","Local authority district","E92000001","England","E12000001","North East","E08000021","Newcastle upon Tyne","Revised","Pupil residency","State-funded schools (LA)",50,2773,119348.25,43,2603,93.9,1106,39.9,1616,58.3,1249,45,494,17.8,690,24.9,10618.99,3.83,2592,-986.503,"-0.38","-0.44","-0.33"
"202223","Academic year","Local authority district","E92000001","England","E12000001","North East","E08000022","North Tyneside","Revised","Pupil residency","State-funded schools (LA)",38,2106,98619.5,46.8,2020,95.9,959,45.5,1416,67.2,698,33.1,298,14.2,428,20.3,8526.63,4.05,2063,-167.273,"-0.08","-0.14","-0.02"
"202223","Academic year","Local authority district","E92000001","England","E12000001","North East","E08000023","South Tyneside","Revised","Pupil residency","State-funded schools (LA)",32,1580,69942,44.3,1503,95.1,601,38,962,60.9,591,37.4,195,12.3,329,20.8,5974.42,3.78,1531,-418.548,"-0.27","-0.34","-0.2"
"202223","Academic year","Local authority district","E92000001","England","E12000001","North East","E08000024","Sunderland","Revised","Pupil residency","State-funded schools (LA)",55,3055,131351.75,43,2939,96.2,1193,39.1,1801,59,1185,38.8,438,14.3,682,22.3,11270.54,3.69,2980,-1455.753,"-0.49","-0.54","-0.44"
"202223","Academic year","Local authority district","E92000001","England","E12000005","West Midlands","E08000025","Birmingham","Revised","Pupil residency","State-funded schools (LA)",192,15207,682916.25,44.9,14597,96,6556,43.1,9400,61.8,6863,45.1,2434,16,3611,23.7,59929.2,3.94,14111,-475.608,"-0.03","-0.06","-0.01"
"202223","Academic year","Local authority district","E92000001","England","E12000005","West Midlands","E08000026","Coventry","Revised","Pupil residency","State-funded schools (LA)",66,4113,181229.75,44.1,3966,96.4,1700,41.3,2524,61.4,1424,34.6,506,12.3,755,18.4,15681.14,3.81,3763,-124.213,"-0.03","-0.08","0.01"
"202223","Academic year","Local authority district","E92000001","England","E12000005","West Midlands","E08000027","Dudley","Revised","Pupil residency","State-funded schools (LA)",99,3597,157010.5,43.7,3469,96.4,1408,39.1,2193,61,923,25.7,353,9.8,548,15.2,13195,3.67,3479,-159.812,"-0.05","-0.09","0"
"202223","Academic year","Local authority district","E92000001","England","E12000005","West Midlands","E08000028","Sandwell","Revised","Pupil residency","State-funded schools (LA)",121,4386,193338,44.1,4268,97.3,1690,38.5,2508,57.2,1545,35.2,527,12,850,19.4,16505.09,3.76,4085,-51.231,"-0.01","-0.06","0.03"
"202223","Academic year","Local authority district","E92000001","England","E12000005","West Midlands","E08000029","Solihull","Revised","Pupil residency","State-funded schools (LA)",94,2514,123221,49,2420,96.3,1297,51.6,1766,70.2,1117,44.4,529,21,737,29.3,10861.23,4.32,2387,34.904,"0.01","-0.04","0.07"
"202223","Academic year","Local authority district","E92000001","England","E12000005","West Midlands","E08000030","Walsall","Revised","Pupil residency","State-funded schools (LA)",108,3527,154438,43.8,3406,96.6,1350,38.3,2035,57.7,1297,36.8,432,12.2,645,18.3,13096.55,3.71,3341,-577.827,"-0.17","-0.22","-0.13"
"202223","Academic year","Local authority district","E92000001","England","E12000005","West Midlands","E08000031","Wolverhampton","Revised","Pupil residency","State-funded schools (LA)",84,3466,156545.5,45.2,3356,96.8,1331,38.4,2031,58.6,954,27.5,321,9.3,475,13.7,12805.37,3.69,3216,-195.711,"-0.06","-0.11","-0.01"
"202223","Academic year","Local authority district","E92000001","England","E12000003","Yorkshire and The Humber","E08000032","Bradford","Revised","Pupil residency","State-funded schools (LA)",87,7727,325694,42.2,7387,95.6,2909,37.6,4413,57.1,2898,37.5,931,12,1403,18.2,27735.09,3.59,7380,-1712.235,"-0.23","-0.26","-0.2"
"202223","Academic year","Local authority district","E92000001","England","E12000003","Yorkshire and The Humber","E08000033","Calderdale","Revised","Pupil residency","State-funded schools (LA)",39,2428,111709,46,2327,95.8,1056,43.5,1537,63.3,726,29.9,315,13,475,19.6,9445.78,3.89,2352,-91.072,"-0.04","-0.1","0.02"
"202223","Academic year","Local authority district","E92000001","England","E12000003","Yorkshire and The Humber","E08000034","Kirklees","Revised","Pupil residency","State-funded schools (LA)",81,5230,242805.75,46.4,5065,96.8,2405,46,3463,66.2,1800,34.4,809,15.5,1158,22.1,21004.88,4.02,5059,513.757,"0.1","0.06","0.14"
"202223","Academic year","Local authority district","E92000001","England","E12000003","Yorkshire and The Humber","E08000035","Leeds","Revised","Pupil residency","State-funded schools (LA)",100,8821,407667.75,46.2,8439,95.7,4122,46.7,5750,65.2,3765,42.7,1737,19.7,2417,27.4,35984.96,4.08,8305,1170.295,"0.14","0.11","0.17"
"202223","Academic year","Local authority district","E92000001","England","E12000003","Yorkshire and The Humber","E08000036","Wakefield","Revised","Pupil residency","State-funded schools (LA)",63,3820,174131.25,45.6,3701,96.9,1715,44.9,2496,65.3,1339,35.1,559,14.6,821,21.5,15153.88,3.97,3698,416.276,"0.11","0.07","0.16"
"202223","Academic year","Local authority district","E92000001","England","E12000001","North East","E08000037","Gateshead","Revised","Pupil residency","State-funded schools (LA)",45,1930,89781,46.5,1854,96.1,878,45.5,1292,66.9,916,47.5,374,19.4,561,29.1,7902.85,4.09,1869,-345.035,"-0.18","-0.25","-0.12"
"202223","Academic year","Local authority district","E92000001","England","E13000001","Inner London","E09000001","City of London","Revised","Pupil residency","State-funded schools (LA)",14,15,837.25,55.8,15,100,10,66.7,12,80,9,60,5,33.3,6,40,78,5.2,12,16.169,"1.35","0.55","2.15"
"202223","Academic year","Local authority district","E92000001","England","E13000002","Outer London","E09000002","Barking and Dagenham","Revised","Pupil residency","State-funded schools (LA)",144,3424,166722.25,48.7,3325,97.1,1718,50.2,2292,66.9,1609,47,639,18.7,925,27,14656.75,4.28,3184,742.052,"0.23","0.18","0.28"
"202223","Academic year","Local authority district","E92000001","England","E13000002","Outer London","E09000003","Barnet","Revised","Pupil residency","State-funded schools (LA)",135,4013,225039.25,56.1,3885,96.8,2623,65.4,3187,79.4,2331,58.1,1298,32.3,1691,42.1,20679.9,5.15,3529,2247.56,"0.64","0.59","0.68"
"202223","Academic year","Local authority district","E92000001","England","E13000002","Outer London","E09000004","Bexley","Revised","Pupil residency","State-funded schools (LA)",103,3112,153437.25,49.3,3019,97,1620,52.1,2187,70.3,1341,43.1,719,23.1,957,30.8,13615.6,4.38,2948,-51.361,"-0.02","-0.07","0.03"
"202223","Academic year","Local authority district","E92000001","England","E13000002","Outer London","E09000005","Brent","Revised","Pupil residency","State-funded schools (LA)",147,3751,187538.75,50,3652,97.4,1893,50.5,2521,67.2,2369,63.2,1019,27.2,1379,36.8,17304.32,4.61,3243,1684.471,"0.52","0.47","0.57"
"202223","Academic year","Local authority district","E92000001","England","E13000002","Outer London","E09000006","Bromley","Revised","Pupil residency","State-funded schools (LA)",143,3522,182002,51.7,3397,96.5,1983,56.3,2578,73.2,2120,60.2,1073,30.5,1457,41.4,16744.7,4.75,3295,130.453,"0.04","-0.01","0.09"
"202223","Academic year","Local authority district","E92000001","England","E13000001","Inner London","E09000007","Camden","Revised","Pupil residency","State-funded schools (LA)",96,1447,70299.25,48.6,1375,95,760,52.5,1005,69.5,781,54,303,20.9,439,30.3,6355.53,4.39,1336,8.341,"0.01","-0.07","0.08"
"202223","Academic year","Local authority district","E92000001","England","E13000002","Outer London","E09000008","Croydon","Revised","Pupil residency","State-funded schools (LA)",177,4557,217684.77,47.8,4370,95.9,2175,47.7,3041,66.7,2257,49.5,909,19.9,1311,28.8,19543.93,4.29,4189,222.93,"0.05","0.01","0.1"
"202223","Academic year","Local authority district","E92000001","England","E13000002","Outer London","E09000009","Ealing","Revised","Pupil residency","State-funded schools (LA)",145,3966,210029.25,53,3840,96.8,2319,58.5,2972,74.9,2414,60.9,1238,31.2,1623,40.9,19323.44,4.87,3535,2240.709,"0.63","0.59","0.68"
"202223","Academic year","Local authority district","E92000001","England","E13000002","Outer London","E09000010","Enfield","Revised","Pupil residency","State-funded schools (LA)",142,4436,210378.16,47.4,4275,96.4,2175,49,2971,67,2532,57.1,909,20.5,1327,29.9,19183.8,4.32,4121,1024.602,"0.25","0.21","0.29"
"202223","Academic year","Local authority district","E92000001","England","E13000002","Outer London","E09000011","Greenwich","Revised","Pupil residency","State-funded schools (LA)",118,3134,151195.88,48.2,3020,96.4,1561,49.8,2103,67.1,1445,46.1,672,21.4,932,29.7,13408.92,4.28,2852,-93.056,"-0.03","-0.08","0.02"
"202223","Academic year","Local authority district","E92000001","England","E13000001","Inner London","E09000012","Hackney","Revised","Pupil residency","State-funded schools (LA)",112,2453,124396.77,50.7,2366,96.5,1282,52.3,1736,70.8,1563,63.7,702,28.6,946,38.6,11424.39,4.66,2236,569.304,"0.25","0.2","0.31"
"202223","Academic year","Local authority district","E92000001","England","E13000001","Inner London","E09000013","Hammersmith and Fulham","Revised","Pupil residency","State-funded schools (LA)",78,1173,62100.5,52.9,1122,95.7,677,57.7,874,74.5,711,60.6,348,29.7,463,39.5,5653.97,4.82,1038,325.785,"0.31","0.23","0.4"
"202223","Academic year","Local authority district","E92000001","England","E13000001","Inner London","E09000014","Haringey","Revised","Pupil residency","State-funded schools (LA)",125,2696,131540.28,48.8,2606,96.7,1291,47.9,1791,66.4,1345,49.9,579,21.5,783,29,11881.2,4.41,2376,603.485,"0.25","0.2","0.31"
"202223","Academic year","Local authority district","E92000001","England","E13000002","Outer London","E09000015","Harrow","Revised","Pupil residency","State-funded schools (LA)",104,2792,150498.25,53.9,2719,97.4,1662,59.5,2067,74,1854,66.4,890,31.9,1168,41.8,13872.01,4.97,2425,1250.807,"0.52","0.46","0.57"
"202223","Academic year","Local authority district","E92000001","England","E13000002","Outer London","E09000016","Havering","Revised","Pupil residency","State-funded schools (LA)",125,3119,150977,48.4,3006,96.4,1541,49.4,2207,70.8,1902,61,688,22.1,1047,33.6,13595.05,4.36,2881,-72.863,"-0.03","-0.08","0.03"
"202223","Academic year","Local authority district","E92000001","England","E13000002","Outer London","E09000017","Hillingdon","Revised","Pupil residency","State-funded schools (LA)",130,3563,180834.25,50.8,3453,96.9,1930,54.2,2573,72.2,1705,47.9,787,22.1,1117,31.3,16126.14,4.53,3260,908.199,"0.28","0.23","0.33"
"202223","Academic year","Local authority district","E92000001","England","E13000002","Outer London","E09000018","Hounslow","Revised","Pupil residency","State-funded schools (LA)",113,3189,162775.5,51,3057,95.9,1787,56,2314,72.6,1766,55.4,841,26.4,1176,36.9,14808.73,4.64,2767,1025.784,"0.37","0.32","0.42"
"202223","Academic year","Local authority district","E92000001","England","E13000001","Inner London","E09000019","Islington","Revised","Pupil residency","State-funded schools (LA)",87,1585,75833.75,47.8,1505,95,775,48.9,1053,66.4,834,52.6,370,23.3,485,30.6,6836.85,4.31,1497,13.11,"0.01","-0.06","0.08"
"202223","Academic year","Local authority district","E92000001","England","E13000001","Inner London","E09000020","Kensington and Chelsea","Revised","Pupil residency","State-funded schools (LA)",61,619,32427.75,52.4,601,97.1,355,57.4,467,75.4,343,55.4,136,22,186,30,2862.72,4.62,533,90.445,"0.17","0.05","0.29"
"202223","Academic year","Local authority district","E92000001","England","E13000002","Outer London","E09000021","Kingston upon Thames","Revised","Pupil residency","State-funded schools (LA)",59,1653,92973.5,56.2,1602,96.9,1043,63.1,1321,79.9,1026,62.1,555,33.6,726,43.9,8518.62,5.15,1475,839.954,"0.57","0.5","0.64"
"202223","Academic year","Local authority district","E92000001","England","E13000001","Inner London","E09000022","Lambeth","Revised","Pupil residency","State-funded schools (LA)",138,2652,125158.25,47.2,2555,96.3,1266,47.7,1740,65.6,1391,52.5,564,21.3,788,29.7,11208.93,4.23,2438,128.122,"0.05","0","0.11"
"202223","Academic year","Local authority district","E92000001","England","E13000001","Inner London","E09000023","Lewisham","Revised","Pupil residency","State-funded schools (LA)",145,3008,145627.25,48.4,2886,95.9,1490,49.5,2002,66.6,1678,55.8,690,22.9,980,32.6,13247.84,4.4,2782,394.778,"0.14","0.09","0.19"
"202223","Academic year","Local authority district","E92000001","England","E13000002","Outer London","E09000024","Merton","Revised","Pupil residency","State-funded schools (LA)",104,2093,115199.88,55,2029,96.9,1284,61.3,1615,77.2,1157,55.3,648,31,850,40.6,10539.87,5.04,1912,1229.992,"0.64","0.58","0.71"
"202223","Academic year","Local authority district","E92000001","England","E13000001","Inner London","E09000025","Newham","Revised","Pupil residency","State-funded schools (LA)",168,4427,225851,51,4307,97.3,2413,54.5,3180,71.8,2738,61.8,1090,24.6,1557,35.2,20341.86,4.59,3949,969.547,"0.25","0.2","0.29"
"202223","Academic year","Local authority district","E92000001","England","E13000002","Outer London","E09000026","Redbridge","Revised","Pupil residency","State-funded schools (LA)",149,3850,209299.75,54.4,3755,97.5,2416,62.8,2996,77.8,1982,51.5,1004,26.1,1304,33.9,18865.05,4.9,3493,1804.238,"0.52","0.47","0.56"
"202223","Academic year","Local authority district","E92000001","England","E13000002","Outer London","E09000027","Richmond upon Thames","Revised","Pupil residency","State-funded schools (LA)",69,1643,96181.89,58.5,1588,96.7,1129,68.7,1362,82.9,991,60.3,662,40.3,791,48.1,8894.17,5.41,1493,756.695,"0.51","0.44","0.58"
"202223","Academic year","Local authority district","E92000001","England","E13000001","Inner London","E09000028","Southwark","Revised","Pupil residency","State-funded schools (LA)",116,2703,134866.75,49.9,2607,96.4,1428,52.8,1911,70.7,1765,65.3,669,24.8,999,37,12275.11,4.54,2548,778.54,"0.31","0.25","0.36"
"202223","Academic year","Local authority district","E92000001","England","E13000002","Outer London","E09000029","Sutton","Revised","Pupil residency","State-funded schools (LA)",90,2488,139386.76,56,2395,96.3,1589,63.9,1954,78.5,1143,45.9,715,28.7,899,36.1,12536.15,5.04,2241,903.296,"0.4","0.34","0.46"
"202223","Academic year","Local authority district","E92000001","England","E13000001","Inner London","E09000030","Tower Hamlets","Revised","Pupil residency","State-funded schools (LA)",115,3068,153007,49.9,2937,95.7,1666,54.3,2170,70.7,1892,61.7,706,23,992,32.3,13670.78,4.46,2806,688.34,"0.25","0.19","0.3"
"202223","Academic year","Local authority district","E92000001","England","E13000002","Outer London","E09000031","Waltham Forest","Revised","Pupil residency","State-funded schools (LA)",127,3034,143882.25,47.4,2930,96.6,1497,49.3,2040,67.2,1253,41.3,563,18.6,768,25.3,12637.46,4.17,2812,-42.952,"-0.02","-0.07","0.04"
"202223","Academic year","Local authority district","E92000001","England","E13000001","Inner London","E09000032","Wandsworth","Revised","Pupil residency","State-funded schools (LA)",102,2079,106537.75,51.2,2004,96.4,1153,55.5,1494,71.9,1237,59.5,611,29.4,809,38.9,9914.41,4.77,1889,698.455,"0.37","0.31","0.43"
"202223","Academic year","Local authority district","E92000001","England","E13000001","Inner London","E09000033","Westminster","Revised","Pupil residency","State-funded schools (LA)",80,1094,57675.25,52.7,1048,95.8,635,58,813,74.3,744,68,343,31.4,469,42.9,5320.82,4.86,978,428.928,"0.44","0.35","0.53"
