"time_period","time_identifier","geographic_level","country_code","country_name","version","establishment_type","qualification_type","subject","grade","number_achieving"
202223,"Academic year","National","E92000001","England","Revised","Alternative provision","GCSE","All Subjects","1","z"
202223,"Academic year","National","E92000001","England","Revised","Alternative provision","GCSE","All Subjects","2","z"
202223,"Academic year","National","E92000001","England","Revised","Alternative provision","GCSE","All Subjects","3","z"
202223,"Academic year","National","E92000001","England","Revised","Alternative provision","GCSE","All Subjects","4","z"
202223,"Academic year","National","E92000001","England","Revised","Alternative provision","GCSE","All Subjects","5","z"
202223,"Academic year","National","E92000001","England","Revised","Alternative provision","GCSE","All Subjects","6","z"
202223,"Academic year","National","E92000001","England","Revised","Alternative provision","GCSE","All Subjects","7","z"
202223,"Academic year","National","E92000001","England","Revised","Alternative provision","GCSE","All Subjects","8","z"
202223,"Academic year","National","E92000001","England","Revised","Alternative provision","GCSE","All Subjects","9","z"
202223,"Academic year","National","E92000001","England","Revised","Alternative provision","GCSE","All Subjects","Covid impacted","z"
202223,"Academic year","National","E92000001","England","Revised","Alternative provision","GCSE","All Subjects","Total exam entries","15040"
202223,"Academic year","National","E92000001","England","Revised","Alternative provision","GCSE","All Subjects","U","z"
202223,"Academic year","National","E92000001","England","Revised","Alternative provision","GCSE","All Subjects","X","z"
202223,"Academic year","National","E92000001","England","Revised","Alternative provision","GCSE","Any design & technology","1","29"
202223,"Academic year","National","E92000001","England","Revised","Alternative provision","GCSE","Any design & technology","2","35"
202223,"Academic year","National","E92000001","England","Revised","Alternative provision","GCSE","Any design & technology","3","35"
202223,"Academic year","National","E92000001","England","Revised","Alternative provision","GCSE","Any design & technology","4","16"
202223,"Academic year","National","E92000001","England","Revised","Alternative provision","GCSE","Any design & technology","5","5"
202223,"Academic year","National","E92000001","England","Revised","Alternative provision","GCSE","Any design & technology","6","4"
202223,"Academic year","National","E92000001","England","Revised","Alternative provision","GCSE","Any design & technology","7","3"
202223,"Academic year","National","E92000001","England","Revised","Alternative provision","GCSE","Any design & technology","8","0"
202223,"Academic year","National","E92000001","England","Revised","Alternative provision","GCSE","Any design & technology","9","0"
202223,"Academic year","National","E92000001","England","Revised","Alternative provision","GCSE","Any design & technology","Covid impacted","0"
202223,"Academic year","National","E92000001","England","Revised","Alternative provision","GCSE","Any design & technology","Total exam entries","143"
202223,"Academic year","National","E92000001","England","Revised","Alternative provision","GCSE","Any design & technology","U","10"
202223,"Academic year","National","E92000001","England","Revised","Alternative provision","GCSE","Any design & technology","X","6"
202223,"Academic year","National","E92000001","England","Revised","Alternative provision","GCSE","Any English","1","890"
202223,"Academic year","National","E92000001","England","Revised","Alternative provision","GCSE","Any English","2","1213"
202223,"Academic year","National","E92000001","England","Revised","Alternative provision","GCSE","Any English","3","1080"
202223,"Academic year","National","E92000001","England","Revised","Alternative provision","GCSE","Any English","4","406"
202223,"Academic year","National","E92000001","England","Revised","Alternative provision","GCSE","Any English","5","219"
202223,"Academic year","National","E92000001","England","Revised","Alternative provision","GCSE","Any English","6","108"
202223,"Academic year","National","E92000001","England","Revised","Alternative provision","GCSE","Any English","7","42"
202223,"Academic year","National","E92000001","England","Revised","Alternative provision","GCSE","Any English","8","19"
202223,"Academic year","National","E92000001","England","Revised","Alternative provision","GCSE","Any English","9","3"
202223,"Academic year","National","E92000001","England","Revised","Alternative provision","GCSE","Any English","Covid impacted","4"
202223,"Academic year","National","E92000001","England","Revised","Alternative provision","GCSE","Any English","Total exam entries","5109"
202223,"Academic year","National","E92000001","England","Revised","Alternative provision","GCSE","Any English","U","477"
202223,"Academic year","National","E92000001","England","Revised","Alternative provision","GCSE","Any English","X","648"
202223,"Academic year","National","E92000001","England","Revised","Alternative provision","GCSE","Any mathematics","1","1030"
202223,"Academic year","National","E92000001","England","Revised","Alternative provision","GCSE","Any mathematics","2","945"
202223,"Academic year","National","E92000001","England","Revised","Alternative provision","GCSE","Any mathematics","3","657"
202223,"Academic year","National","E92000001","England","Revised","Alternative provision","GCSE","Any mathematics","4","349"
202223,"Academic year","National","E92000001","England","Revised","Alternative provision","GCSE","Any mathematics","5","195"
202223,"Academic year","National","E92000001","England","Revised","Alternative provision","GCSE","Any mathematics","6","42"
202223,"Academic year","National","E92000001","England","Revised","Alternative provision","GCSE","Any mathematics","7","23"
202223,"Academic year","National","E92000001","England","Revised","Alternative provision","GCSE","Any mathematics","8","16"
202223,"Academic year","National","E92000001","England","Revised","Alternative provision","GCSE","Any mathematics","9","2"
202223,"Academic year","National","E92000001","England","Revised","Alternative provision","GCSE","Any mathematics","Covid impacted","12"
202223,"Academic year","National","E92000001","England","Revised","Alternative provision","GCSE","Any mathematics","Total exam entries","4211"
202223,"Academic year","National","E92000001","England","Revised","Alternative provision","GCSE","Any mathematics","U","522"
202223,"Academic year","National","E92000001","England","Revised","Alternative provision","GCSE","Any mathematics","X","418"
202223,"Academic year","National","E92000001","England","Revised","Alternative provision","GCSE","Any modern language","1","3"
202223,"Academic year","National","E92000001","England","Revised","Alternative provision","GCSE","Any modern language","2","8"
202223,"Academic year","National","E92000001","England","Revised","Alternative provision","GCSE","Any modern language","3","9"
202223,"Academic year","National","E92000001","England","Revised","Alternative provision","GCSE","Any modern language","4","13"
202223,"Academic year","National","E92000001","England","Revised","Alternative provision","GCSE","Any modern language","5","27"
202223,"Academic year","National","E92000001","England","Revised","Alternative provision","GCSE","Any modern language","6","5"
202223,"Academic year","National","E92000001","England","Revised","Alternative provision","GCSE","Any modern language","7","7"
202223,"Academic year","National","E92000001","England","Revised","Alternative provision","GCSE","Any modern language","8","8"
202223,"Academic year","National","E92000001","England","Revised","Alternative provision","GCSE","Any modern language","9","18"
202223,"Academic year","National","E92000001","England","Revised","Alternative provision","GCSE","Any modern language","Covid impacted","4"
202223,"Academic year","National","E92000001","England","Revised","Alternative provision","GCSE","Any modern language","Total exam entries","107"
202223,"Academic year","National","E92000001","England","Revised","Alternative provision","GCSE","Any modern language","U","2"
202223,"Academic year","National","E92000001","England","Revised","Alternative provision","GCSE","Any modern language","X","3"
202223,"Academic year","National","E92000001","England","Revised","Alternative provision","GCSE","Any Science","1","356"
202223,"Academic year","National","E92000001","England","Revised","Alternative provision","GCSE","Any Science","11","118"
202223,"Academic year","National","E92000001","England","Revised","Alternative provision","GCSE","Any Science","2","414"
202223,"Academic year","National","E92000001","England","Revised","Alternative provision","GCSE","Any Science","21","132"
202223,"Academic year","National","E92000001","England","Revised","Alternative provision","GCSE","Any Science","22","138"
202223,"Academic year","National","E92000001","England","Revised","Alternative provision","GCSE","Any Science","3","225"
202223,"Academic year","National","E92000001","England","Revised","Alternative provision","GCSE","Any Science","32","126"
202223,"Academic year","National","E92000001","England","Revised","Alternative provision","GCSE","Any Science","33","93"
202223,"Academic year","National","E92000001","England","Revised","Alternative provision","GCSE","Any Science","4","92"
202223,"Academic year","National","E92000001","England","Revised","Alternative provision","GCSE","Any Science","43","86"
202223,"Academic year","National","E92000001","England","Revised","Alternative provision","GCSE","Any Science","44","62"
202223,"Academic year","National","E92000001","England","Revised","Alternative provision","GCSE","Any Science","5","54"
202223,"Academic year","National","E92000001","England","Revised","Alternative provision","GCSE","Any Science","54","38"
202223,"Academic year","National","E92000001","England","Revised","Alternative provision","GCSE","Any Science","55","45"
202223,"Academic year","National","E92000001","England","Revised","Alternative provision","GCSE","Any Science","6","17"
202223,"Academic year","National","E92000001","England","Revised","Alternative provision","GCSE","Any Science","65","9"
202223,"Academic year","National","E92000001","England","Revised","Alternative provision","GCSE","Any Science","66","9"
202223,"Academic year","National","E92000001","England","Revised","Alternative provision","GCSE","Any Science","7","16"
202223,"Academic year","National","E92000001","England","Revised","Alternative provision","GCSE","Any Science","76","10"
202223,"Academic year","National","E92000001","England","Revised","Alternative provision","GCSE","Any Science","77","9"
202223,"Academic year","National","E92000001","England","Revised","Alternative provision","GCSE","Any Science","8","7"
202223,"Academic year","National","E92000001","England","Revised","Alternative provision","GCSE","Any Science","87","10"
202223,"Academic year","National","E92000001","England","Revised","Alternative provision","GCSE","Any Science","88","4"
202223,"Academic year","National","E92000001","England","Revised","Alternative provision","GCSE","Any Science","9","4"
202223,"Academic year","National","E92000001","England","Revised","Alternative provision","GCSE","Any Science","98","4"
202223,"Academic year","National","E92000001","England","Revised","Alternative provision","GCSE","Any Science","99","1"
202223,"Academic year","National","E92000001","England","Revised","Alternative provision","GCSE","Any Science","Covid impacted","5"
202223,"Academic year","National","E92000001","England","Revised","Alternative provision","GCSE","Any Science","Total exam entries","2646"
202223,"Academic year","National","E92000001","England","Revised","Alternative provision","GCSE","Any Science","U","259"
202223,"Academic year","National","E92000001","England","Revised","Alternative provision","GCSE","Any Science","X","303"
202223,"Academic year","National","E92000001","England","Revised","Alternative provision","GCSE","Art and Design","1","183"
202223,"Academic year","National","E92000001","England","Revised","Alternative provision","GCSE","Art and Design","2","245"
202223,"Academic year","National","E92000001","England","Revised","Alternative provision","GCSE","Art and Design","3","249"
202223,"Academic year","National","E92000001","England","Revised","Alternative provision","GCSE","Art and Design","4","161"
202223,"Academic year","National","E92000001","England","Revised","Alternative provision","GCSE","Art and Design","5","123"
202223,"Academic year","National","E92000001","England","Revised","Alternative provision","GCSE","Art and Design","6","56"
202223,"Academic year","National","E92000001","England","Revised","Alternative provision","GCSE","Art and Design","7","22"
202223,"Academic year","National","E92000001","England","Revised","Alternative provision","GCSE","Art and Design","8","8"
202223,"Academic year","National","E92000001","England","Revised","Alternative provision","GCSE","Art and Design","9","10"
202223,"Academic year","National","E92000001","England","Revised","Alternative provision","GCSE","Art and Design","Covid impacted","8"
202223,"Academic year","National","E92000001","England","Revised","Alternative provision","GCSE","Art and Design","Total exam entries","1144"
202223,"Academic year","National","E92000001","England","Revised","Alternative provision","GCSE","Art and Design","U","27"
202223,"Academic year","National","E92000001","England","Revised","Alternative provision","GCSE","Art and Design","X","52"
202223,"Academic year","National","E92000001","England","Revised","Alternative provision","GCSE","Biology","1","320"
202223,"Academic year","National","E92000001","England","Revised","Alternative provision","GCSE","Biology","2","368"
202223,"Academic year","National","E92000001","England","Revised","Alternative provision","GCSE","Biology","3","190"
202223,"Academic year","National","E92000001","England","Revised","Alternative provision","GCSE","Biology","4","62"
202223,"Academic year","National","E92000001","England","Revised","Alternative provision","GCSE","Biology","5","31"
202223,"Academic year","National","E92000001","England","Revised","Alternative provision","GCSE","Biology","6","7"
202223,"Academic year","National","E92000001","England","Revised","Alternative provision","GCSE","Biology","7","5"
202223,"Academic year","National","E92000001","England","Revised","Alternative provision","GCSE","Biology","8","3"
202223,"Academic year","National","E92000001","England","Revised","Alternative provision","GCSE","Biology","9","2"
202223,"Academic year","National","E92000001","England","Revised","Alternative provision","GCSE","Biology","Covid impacted","3"
202223,"Academic year","National","E92000001","England","Revised","Alternative provision","GCSE","Biology","Total exam entries","1176"
202223,"Academic year","National","E92000001","England","Revised","Alternative provision","GCSE","Biology","U","68"
202223,"Academic year","National","E92000001","England","Revised","Alternative provision","GCSE","Biology","X","117"
202223,"Academic year","National","E92000001","England","Revised","Alternative provision","GCSE","Business","1","32"
202223,"Academic year","National","E92000001","England","Revised","Alternative provision","GCSE","Business","2","24"
202223,"Academic year","National","E92000001","England","Revised","Alternative provision","GCSE","Business","3","28"
202223,"Academic year","National","E92000001","England","Revised","Alternative provision","GCSE","Business","4","17"
202223,"Academic year","National","E92000001","England","Revised","Alternative provision","GCSE","Business","5","5"
202223,"Academic year","National","E92000001","England","Revised","Alternative provision","GCSE","Business","6","4"
202223,"Academic year","National","E92000001","England","Revised","Alternative provision","GCSE","Business","7","2"
202223,"Academic year","National","E92000001","England","Revised","Alternative provision","GCSE","Business","8","1"
202223,"Academic year","National","E92000001","England","Revised","Alternative provision","GCSE","Business","9","0"
202223,"Academic year","National","E92000001","England","Revised","Alternative provision","GCSE","Business","Covid impacted","0"
202223,"Academic year","National","E92000001","England","Revised","Alternative provision","GCSE","Business","Total exam entries","130"
202223,"Academic year","National","E92000001","England","Revised","Alternative provision","GCSE","Business","U","7"
202223,"Academic year","National","E92000001","England","Revised","Alternative provision","GCSE","Business","X","10"
202223,"Academic year","National","E92000001","England","Revised","Alternative provision","GCSE","Chemistry","1","9"
202223,"Academic year","National","E92000001","England","Revised","Alternative provision","GCSE","Chemistry","2","18"
202223,"Academic year","National","E92000001","England","Revised","Alternative provision","GCSE","Chemistry","3","11"
202223,"Academic year","National","E92000001","England","Revised","Alternative provision","GCSE","Chemistry","4","14"
202223,"Academic year","National","E92000001","England","Revised","Alternative provision","GCSE","Chemistry","5","9"
202223,"Academic year","National","E92000001","England","Revised","Alternative provision","GCSE","Chemistry","6","5"
202223,"Academic year","National","E92000001","England","Revised","Alternative provision","GCSE","Chemistry","7","5"
202223,"Academic year","National","E92000001","England","Revised","Alternative provision","GCSE","Chemistry","8","1"
202223,"Academic year","National","E92000001","England","Revised","Alternative provision","GCSE","Chemistry","9","1"
202223,"Academic year","National","E92000001","England","Revised","Alternative provision","GCSE","Chemistry","Covid impacted","0"
202223,"Academic year","National","E92000001","England","Revised","Alternative provision","GCSE","Chemistry","Total exam entries","96"
202223,"Academic year","National","E92000001","England","Revised","Alternative provision","GCSE","Chemistry","U","10"
202223,"Academic year","National","E92000001","England","Revised","Alternative provision","GCSE","Chemistry","X","13"
202223,"Academic year","National","E92000001","England","Revised","Alternative provision","GCSE","Combined Science","1","0"
202223,"Academic year","National","E92000001","England","Revised","Alternative provision","GCSE","Combined Science","11","118"
202223,"Academic year","National","E92000001","England","Revised","Alternative provision","GCSE","Combined Science","2","0"
202223,"Academic year","National","E92000001","England","Revised","Alternative provision","GCSE","Combined Science","21","132"
202223,"Academic year","National","E92000001","England","Revised","Alternative provision","GCSE","Combined Science","22","138"
202223,"Academic year","National","E92000001","England","Revised","Alternative provision","GCSE","Combined Science","3","0"
202223,"Academic year","National","E92000001","England","Revised","Alternative provision","GCSE","Combined Science","32","126"
202223,"Academic year","National","E92000001","England","Revised","Alternative provision","GCSE","Combined Science","33","93"
202223,"Academic year","National","E92000001","England","Revised","Alternative provision","GCSE","Combined Science","4","0"
202223,"Academic year","National","E92000001","England","Revised","Alternative provision","GCSE","Combined Science","43","86"
202223,"Academic year","National","E92000001","England","Revised","Alternative provision","GCSE","Combined Science","44","62"
202223,"Academic year","National","E92000001","England","Revised","Alternative provision","GCSE","Combined Science","5","0"
202223,"Academic year","National","E92000001","England","Revised","Alternative provision","GCSE","Combined Science","54","38"
202223,"Academic year","National","E92000001","England","Revised","Alternative provision","GCSE","Combined Science","55","45"
202223,"Academic year","National","E92000001","England","Revised","Alternative provision","GCSE","Combined Science","6","0"
202223,"Academic year","National","E92000001","England","Revised","Alternative provision","GCSE","Combined Science","65","9"
202223,"Academic year","National","E92000001","England","Revised","Alternative provision","GCSE","Combined Science","66","9"
202223,"Academic year","National","E92000001","England","Revised","Alternative provision","GCSE","Combined Science","7","0"
202223,"Academic year","National","E92000001","England","Revised","Alternative provision","GCSE","Combined Science","76","10"
202223,"Academic year","National","E92000001","England","Revised","Alternative provision","GCSE","Combined Science","77","9"
202223,"Academic year","National","E92000001","England","Revised","Alternative provision","GCSE","Combined Science","8","0"
202223,"Academic year","National","E92000001","England","Revised","Alternative provision","GCSE","Combined Science","87","10"
202223,"Academic year","National","E92000001","England","Revised","Alternative provision","GCSE","Combined Science","88","4"
202223,"Academic year","National","E92000001","England","Revised","Alternative provision","GCSE","Combined Science","9","0"
202223,"Academic year","National","E92000001","England","Revised","Alternative provision","GCSE","Combined Science","98","4"
202223,"Academic year","National","E92000001","England","Revised","Alternative provision","GCSE","Combined Science","99","1"
202223,"Academic year","National","E92000001","England","Revised","Alternative provision","GCSE","Combined Science","Covid impacted","2"
202223,"Academic year","National","E92000001","England","Revised","Alternative provision","GCSE","Combined Science","Total exam entries","1194"
202223,"Academic year","National","E92000001","England","Revised","Alternative provision","GCSE","Combined Science","U","152"
202223,"Academic year","National","E92000001","England","Revised","Alternative provision","GCSE","Combined Science","X","146"
202223,"Academic year","National","E92000001","England","Revised","Alternative provision","GCSE","Computer Science","1","5"
202223,"Academic year","National","E92000001","England","Revised","Alternative provision","GCSE","Computer Science","2","4"
202223,"Academic year","National","E92000001","England","Revised","Alternative provision","GCSE","Computer Science","3","3"
202223,"Academic year","National","E92000001","England","Revised","Alternative provision","GCSE","Computer Science","4","2"
202223,"Academic year","National","E92000001","England","Revised","Alternative provision","GCSE","Computer Science","5","3"
202223,"Academic year","National","E92000001","England","Revised","Alternative provision","GCSE","Computer Science","6","0"
202223,"Academic year","National","E92000001","England","Revised","Alternative provision","GCSE","Computer Science","7","4"
202223,"Academic year","National","E92000001","England","Revised","Alternative provision","GCSE","Computer Science","8","1"
202223,"Academic year","National","E92000001","England","Revised","Alternative provision","GCSE","Computer Science","9","1"
202223,"Academic year","National","E92000001","England","Revised","Alternative provision","GCSE","Computer Science","Covid impacted","0"
202223,"Academic year","National","E92000001","England","Revised","Alternative provision","GCSE","Computer Science","Total exam entries","37"
202223,"Academic year","National","E92000001","England","Revised","Alternative provision","GCSE","Computer Science","U","12"
202223,"Academic year","National","E92000001","England","Revised","Alternative provision","GCSE","Computer Science","X","2"
202223,"Academic year","National","E92000001","England","Revised","Alternative provision","GCSE","Design & Technology","1","12"
202223,"Academic year","National","E92000001","England","Revised","Alternative provision","GCSE","Design & Technology","2","12"
202223,"Academic year","National","E92000001","England","Revised","Alternative provision","GCSE","Design & Technology","3","6"
202223,"Academic year","National","E92000001","England","Revised","Alternative provision","GCSE","Design & Technology","4","5"
202223,"Academic year","National","E92000001","England","Revised","Alternative provision","GCSE","Design & Technology","5","3"
202223,"Academic year","National","E92000001","England","Revised","Alternative provision","GCSE","Design & Technology","6","2"
202223,"Academic year","National","E92000001","England","Revised","Alternative provision","GCSE","Design & Technology","7","1"
202223,"Academic year","National","E92000001","England","Revised","Alternative provision","GCSE","Design & Technology","8","0"
202223,"Academic year","National","E92000001","England","Revised","Alternative provision","GCSE","Design & Technology","9","0"
202223,"Academic year","National","E92000001","England","Revised","Alternative provision","GCSE","Design & Technology","Covid impacted","0"
202223,"Academic year","National","E92000001","England","Revised","Alternative provision","GCSE","Design & Technology","Total exam entries","48"
202223,"Academic year","National","E92000001","England","Revised","Alternative provision","GCSE","Design & Technology","U","4"
202223,"Academic year","National","E92000001","England","Revised","Alternative provision","GCSE","Design & Technology","X","3"
202223,"Academic year","National","E92000001","England","Revised","Alternative provision","GCSE","Drama","1","2"
202223,"Academic year","National","E92000001","England","Revised","Alternative provision","GCSE","Drama","2","12"
202223,"Academic year","National","E92000001","England","Revised","Alternative provision","GCSE","Drama","3","3"
202223,"Academic year","National","E92000001","England","Revised","Alternative provision","GCSE","Drama","4","2"
202223,"Academic year","National","E92000001","England","Revised","Alternative provision","GCSE","Drama","5","3"
202223,"Academic year","National","E92000001","England","Revised","Alternative provision","GCSE","Drama","6","0"
202223,"Academic year","National","E92000001","England","Revised","Alternative provision","GCSE","Drama","7","0"
202223,"Academic year","National","E92000001","England","Revised","Alternative provision","GCSE","Drama","8","0"
202223,"Academic year","National","E92000001","England","Revised","Alternative provision","GCSE","Drama","9","0"
202223,"Academic year","National","E92000001","England","Revised","Alternative provision","GCSE","Drama","Covid impacted","0"
202223,"Academic year","National","E92000001","England","Revised","Alternative provision","GCSE","Drama","Total exam entries","24"
202223,"Academic year","National","E92000001","England","Revised","Alternative provision","GCSE","Drama","U","2"
202223,"Academic year","National","E92000001","England","Revised","Alternative provision","GCSE","Drama","X","0"
202223,"Academic year","National","E92000001","England","Revised","Alternative provision","GCSE","Economics","1","0"
202223,"Academic year","National","E92000001","England","Revised","Alternative provision","GCSE","Economics","2","1"
202223,"Academic year","National","E92000001","England","Revised","Alternative provision","GCSE","Economics","3","2"
202223,"Academic year","National","E92000001","England","Revised","Alternative provision","GCSE","Economics","4","0"
202223,"Academic year","National","E92000001","England","Revised","Alternative provision","GCSE","Economics","5","0"
202223,"Academic year","National","E92000001","England","Revised","Alternative provision","GCSE","Economics","6","0"
202223,"Academic year","National","E92000001","England","Revised","Alternative provision","GCSE","Economics","7","0"
202223,"Academic year","National","E92000001","England","Revised","Alternative provision","GCSE","Economics","8","0"
202223,"Academic year","National","E92000001","England","Revised","Alternative provision","GCSE","Economics","9","0"
202223,"Academic year","National","E92000001","England","Revised","Alternative provision","GCSE","Economics","Covid impacted","0"
202223,"Academic year","National","E92000001","England","Revised","Alternative provision","GCSE","Economics","Total exam entries","4"
202223,"Academic year","National","E92000001","England","Revised","Alternative provision","GCSE","Economics","U","1"
202223,"Academic year","National","E92000001","England","Revised","Alternative provision","GCSE","Economics","X","0"
202223,"Academic year","National","E92000001","England","Revised","Alternative provision","GCSE","English & mathematics","1","z"
202223,"Academic year","National","E92000001","England","Revised","Alternative provision","GCSE","English & mathematics","2","z"
202223,"Academic year","National","E92000001","England","Revised","Alternative provision","GCSE","English & mathematics","3","z"
202223,"Academic year","National","E92000001","England","Revised","Alternative provision","GCSE","English & mathematics","4","z"
202223,"Academic year","National","E92000001","England","Revised","Alternative provision","GCSE","English & mathematics","5","z"
202223,"Academic year","National","E92000001","England","Revised","Alternative provision","GCSE","English & mathematics","6","z"
202223,"Academic year","National","E92000001","England","Revised","Alternative provision","GCSE","English & mathematics","7","z"
202223,"Academic year","National","E92000001","England","Revised","Alternative provision","GCSE","English & mathematics","8","z"
202223,"Academic year","National","E92000001","England","Revised","Alternative provision","GCSE","English & mathematics","9","z"
202223,"Academic year","National","E92000001","England","Revised","Alternative provision","GCSE","English & mathematics","Covid impacted","z"
202223,"Academic year","National","E92000001","England","Revised","Alternative provision","GCSE","English & mathematics","Total exam entries","3831"
202223,"Academic year","National","E92000001","England","Revised","Alternative provision","GCSE","English & mathematics","U","z"
202223,"Academic year","National","E92000001","England","Revised","Alternative provision","GCSE","English & mathematics","X","z"
202223,"Academic year","National","E92000001","England","Revised","Alternative provision","GCSE","English Language","1","668"
202223,"Academic year","National","E92000001","England","Revised","Alternative provision","GCSE","English Language","2","959"
202223,"Academic year","National","E92000001","England","Revised","Alternative provision","GCSE","English Language","3","926"
202223,"Academic year","National","E92000001","England","Revised","Alternative provision","GCSE","English Language","4","305"
202223,"Academic year","National","E92000001","England","Revised","Alternative provision","GCSE","English Language","5","161"
202223,"Academic year","National","E92000001","England","Revised","Alternative provision","GCSE","English Language","6","75"
202223,"Academic year","National","E92000001","England","Revised","Alternative provision","GCSE","English Language","7","32"
202223,"Academic year","National","E92000001","England","Revised","Alternative provision","GCSE","English Language","8","15"
202223,"Academic year","National","E92000001","England","Revised","Alternative provision","GCSE","English Language","9","2"
202223,"Academic year","National","E92000001","England","Revised","Alternative provision","GCSE","English Language","Covid impacted","0"
202223,"Academic year","National","E92000001","England","Revised","Alternative provision","GCSE","English Language","Total exam entries","4021"
202223,"Academic year","National","E92000001","England","Revised","Alternative provision","GCSE","English Language","U","353"
202223,"Academic year","National","E92000001","England","Revised","Alternative provision","GCSE","English Language","X","525"
202223,"Academic year","National","E92000001","England","Revised","Alternative provision","GCSE","English Literature","1","222"
202223,"Academic year","National","E92000001","England","Revised","Alternative provision","GCSE","English Literature","2","254"
202223,"Academic year","National","E92000001","England","Revised","Alternative provision","GCSE","English Literature","3","154"
202223,"Academic year","National","E92000001","England","Revised","Alternative provision","GCSE","English Literature","4","101"
202223,"Academic year","National","E92000001","England","Revised","Alternative provision","GCSE","English Literature","5","58"
202223,"Academic year","National","E92000001","England","Revised","Alternative provision","GCSE","English Literature","6","33"
202223,"Academic year","National","E92000001","England","Revised","Alternative provision","GCSE","English Literature","7","10"
202223,"Academic year","National","E92000001","England","Revised","Alternative provision","GCSE","English Literature","8","4"
202223,"Academic year","National","E92000001","England","Revised","Alternative provision","GCSE","English Literature","9","1"
202223,"Academic year","National","E92000001","England","Revised","Alternative provision","GCSE","English Literature","Covid impacted","4"
202223,"Academic year","National","E92000001","England","Revised","Alternative provision","GCSE","English Literature","Total exam entries","1088"
202223,"Academic year","National","E92000001","England","Revised","Alternative provision","GCSE","English Literature","U","124"
202223,"Academic year","National","E92000001","England","Revised","Alternative provision","GCSE","English Literature","X","123"
202223,"Academic year","National","E92000001","England","Revised","Alternative provision","GCSE","English, mathematics & science","1","z"
202223,"Academic year","National","E92000001","England","Revised","Alternative provision","GCSE","English, mathematics & science","2","z"
202223,"Academic year","National","E92000001","England","Revised","Alternative provision","GCSE","English, mathematics & science","3","z"
202223,"Academic year","National","E92000001","England","Revised","Alternative provision","GCSE","English, mathematics & science","4","z"
202223,"Academic year","National","E92000001","England","Revised","Alternative provision","GCSE","English, mathematics & science","5","z"
202223,"Academic year","National","E92000001","England","Revised","Alternative provision","GCSE","English, mathematics & science","6","z"
202223,"Academic year","National","E92000001","England","Revised","Alternative provision","GCSE","English, mathematics & science","7","z"
202223,"Academic year","National","E92000001","England","Revised","Alternative provision","GCSE","English, mathematics & science","8","z"
202223,"Academic year","National","E92000001","England","Revised","Alternative provision","GCSE","English, mathematics & science","9","z"
202223,"Academic year","National","E92000001","England","Revised","Alternative provision","GCSE","English, mathematics & science","Covid impacted","z"
202223,"Academic year","National","E92000001","England","Revised","Alternative provision","GCSE","English, mathematics & science","Total exam entries","2253"
202223,"Academic year","National","E92000001","England","Revised","Alternative provision","GCSE","English, mathematics & science","U","z"
202223,"Academic year","National","E92000001","England","Revised","Alternative provision","GCSE","English, mathematics & science","X","z"
202223,"Academic year","National","E92000001","England","Revised","Alternative provision","GCSE","Film Studies","1","1"
202223,"Academic year","National","E92000001","England","Revised","Alternative provision","GCSE","Film Studies","2","2"
202223,"Academic year","National","E92000001","England","Revised","Alternative provision","GCSE","Film Studies","3","3"
202223,"Academic year","National","E92000001","England","Revised","Alternative provision","GCSE","Film Studies","4","2"
202223,"Academic year","National","E92000001","England","Revised","Alternative provision","GCSE","Film Studies","5","2"
202223,"Academic year","National","E92000001","England","Revised","Alternative provision","GCSE","Film Studies","6","1"
202223,"Academic year","National","E92000001","England","Revised","Alternative provision","GCSE","Film Studies","7","1"
202223,"Academic year","National","E92000001","England","Revised","Alternative provision","GCSE","Film Studies","8","0"
202223,"Academic year","National","E92000001","England","Revised","Alternative provision","GCSE","Film Studies","9","1"
202223,"Academic year","National","E92000001","England","Revised","Alternative provision","GCSE","Film Studies","Covid impacted","0"
202223,"Academic year","National","E92000001","England","Revised","Alternative provision","GCSE","Film Studies","Total exam entries","16"
202223,"Academic year","National","E92000001","England","Revised","Alternative provision","GCSE","Film Studies","U","3"
202223,"Academic year","National","E92000001","England","Revised","Alternative provision","GCSE","Film Studies","X","0"
202223,"Academic year","National","E92000001","England","Revised","Alternative provision","GCSE","Food Preparation & Nutrition","1","17"
202223,"Academic year","National","E92000001","England","Revised","Alternative provision","GCSE","Food Preparation & Nutrition","2","23"
202223,"Academic year","National","E92000001","England","Revised","Alternative provision","GCSE","Food Preparation & Nutrition","3","29"
202223,"Academic year","National","E92000001","England","Revised","Alternative provision","GCSE","Food Preparation & Nutrition","4","11"
202223,"Academic year","National","E92000001","England","Revised","Alternative provision","GCSE","Food Preparation & Nutrition","5","2"
202223,"Academic year","National","E92000001","England","Revised","Alternative provision","GCSE","Food Preparation & Nutrition","6","2"
202223,"Academic year","National","E92000001","England","Revised","Alternative provision","GCSE","Food Preparation & Nutrition","7","2"
202223,"Academic year","National","E92000001","England","Revised","Alternative provision","GCSE","Food Preparation & Nutrition","8","0"
202223,"Academic year","National","E92000001","England","Revised","Alternative provision","GCSE","Food Preparation & Nutrition","9","0"
202223,"Academic year","National","E92000001","England","Revised","Alternative provision","GCSE","Food Preparation & Nutrition","Covid impacted","0"
202223,"Academic year","National","E92000001","England","Revised","Alternative provision","GCSE","Food Preparation & Nutrition","Total exam entries","95"
202223,"Academic year","National","E92000001","England","Revised","Alternative provision","GCSE","Food Preparation & Nutrition","U","6"
202223,"Academic year","National","E92000001","England","Revised","Alternative provision","GCSE","Food Preparation & Nutrition","X","3"
202223,"Academic year","National","E92000001","England","Revised","Alternative provision","GCSE","French","1","1"
202223,"Academic year","National","E92000001","England","Revised","Alternative provision","GCSE","French","2","3"
202223,"Academic year","National","E92000001","England","Revised","Alternative provision","GCSE","French","3","4"
202223,"Academic year","National","E92000001","England","Revised","Alternative provision","GCSE","French","4","4"
202223,"Academic year","National","E92000001","England","Revised","Alternative provision","GCSE","French","5","3"
202223,"Academic year","National","E92000001","England","Revised","Alternative provision","GCSE","French","6","1"
202223,"Academic year","National","E92000001","England","Revised","Alternative provision","GCSE","French","7","1"
202223,"Academic year","National","E92000001","England","Revised","Alternative provision","GCSE","French","8","2"
202223,"Academic year","National","E92000001","England","Revised","Alternative provision","GCSE","French","9","3"
202223,"Academic year","National","E92000001","England","Revised","Alternative provision","GCSE","French","Covid impacted","1"
202223,"Academic year","National","E92000001","England","Revised","Alternative provision","GCSE","French","Total exam entries","24"
202223,"Academic year","National","E92000001","England","Revised","Alternative provision","GCSE","French","U","0"
202223,"Academic year","National","E92000001","England","Revised","Alternative provision","GCSE","French","X","1"
202223,"Academic year","National","E92000001","England","Revised","Alternative provision","GCSE","Geography","1","55"
202223,"Academic year","National","E92000001","England","Revised","Alternative provision","GCSE","Geography","2","46"
202223,"Academic year","National","E92000001","England","Revised","Alternative provision","GCSE","Geography","3","26"
202223,"Academic year","National","E92000001","England","Revised","Alternative provision","GCSE","Geography","4","16"
202223,"Academic year","National","E92000001","England","Revised","Alternative provision","GCSE","Geography","5","10"
202223,"Academic year","National","E92000001","England","Revised","Alternative provision","GCSE","Geography","6","5"
202223,"Academic year","National","E92000001","England","Revised","Alternative provision","GCSE","Geography","7","2"
202223,"Academic year","National","E92000001","England","Revised","Alternative provision","GCSE","Geography","8","4"
202223,"Academic year","National","E92000001","England","Revised","Alternative provision","GCSE","Geography","9","0"
202223,"Academic year","National","E92000001","England","Revised","Alternative provision","GCSE","Geography","Covid impacted","0"
202223,"Academic year","National","E92000001","England","Revised","Alternative provision","GCSE","Geography","Total exam entries","202"
202223,"Academic year","National","E92000001","England","Revised","Alternative provision","GCSE","Geography","U","24"
202223,"Academic year","National","E92000001","England","Revised","Alternative provision","GCSE","Geography","X","14"
202223,"Academic year","National","E92000001","England","Revised","Alternative provision","GCSE","German","1","0"
202223,"Academic year","National","E92000001","England","Revised","Alternative provision","GCSE","German","2","0"
202223,"Academic year","National","E92000001","England","Revised","Alternative provision","GCSE","German","3","0"
202223,"Academic year","National","E92000001","England","Revised","Alternative provision","GCSE","German","4","0"
202223,"Academic year","National","E92000001","England","Revised","Alternative provision","GCSE","German","5","1"
202223,"Academic year","National","E92000001","England","Revised","Alternative provision","GCSE","German","6","0"
202223,"Academic year","National","E92000001","England","Revised","Alternative provision","GCSE","German","7","1"
202223,"Academic year","National","E92000001","England","Revised","Alternative provision","GCSE","German","8","0"
202223,"Academic year","National","E92000001","England","Revised","Alternative provision","GCSE","German","9","0"
202223,"Academic year","National","E92000001","England","Revised","Alternative provision","GCSE","German","Covid impacted","1"
202223,"Academic year","National","E92000001","England","Revised","Alternative provision","GCSE","German","Total exam entries","3"
202223,"Academic year","National","E92000001","England","Revised","Alternative provision","GCSE","German","U","0"
202223,"Academic year","National","E92000001","England","Revised","Alternative provision","GCSE","German","X","0"
202223,"Academic year","National","E92000001","England","Revised","Alternative provision","GCSE","History","1","72"
202223,"Academic year","National","E92000001","England","Revised","Alternative provision","GCSE","History","2","66"
202223,"Academic year","National","E92000001","England","Revised","Alternative provision","GCSE","History","3","27"
202223,"Academic year","National","E92000001","England","Revised","Alternative provision","GCSE","History","4","12"
202223,"Academic year","National","E92000001","England","Revised","Alternative provision","GCSE","History","5","12"
202223,"Academic year","National","E92000001","England","Revised","Alternative provision","GCSE","History","6","7"
202223,"Academic year","National","E92000001","England","Revised","Alternative provision","GCSE","History","7","3"
202223,"Academic year","National","E92000001","England","Revised","Alternative provision","GCSE","History","8","4"
202223,"Academic year","National","E92000001","England","Revised","Alternative provision","GCSE","History","9","1"
202223,"Academic year","National","E92000001","England","Revised","Alternative provision","GCSE","History","Covid impacted","2"
202223,"Academic year","National","E92000001","England","Revised","Alternative provision","GCSE","History","Total exam entries","289"
202223,"Academic year","National","E92000001","England","Revised","Alternative provision","GCSE","History","U","48"
202223,"Academic year","National","E92000001","England","Revised","Alternative provision","GCSE","History","X","35"
202223,"Academic year","National","E92000001","England","Revised","Alternative provision","GCSE","Mathematics","1","1030"
202223,"Academic year","National","E92000001","England","Revised","Alternative provision","GCSE","Mathematics","2","945"
202223,"Academic year","National","E92000001","England","Revised","Alternative provision","GCSE","Mathematics","3","657"
202223,"Academic year","National","E92000001","England","Revised","Alternative provision","GCSE","Mathematics","4","349"
202223,"Academic year","National","E92000001","England","Revised","Alternative provision","GCSE","Mathematics","5","195"
202223,"Academic year","National","E92000001","England","Revised","Alternative provision","GCSE","Mathematics","6","42"
202223,"Academic year","National","E92000001","England","Revised","Alternative provision","GCSE","Mathematics","7","23"
202223,"Academic year","National","E92000001","England","Revised","Alternative provision","GCSE","Mathematics","8","16"
202223,"Academic year","National","E92000001","England","Revised","Alternative provision","GCSE","Mathematics","9","2"
202223,"Academic year","National","E92000001","England","Revised","Alternative provision","GCSE","Mathematics","Covid impacted","12"
202223,"Academic year","National","E92000001","England","Revised","Alternative provision","GCSE","Mathematics","Total exam entries","4211"
202223,"Academic year","National","E92000001","England","Revised","Alternative provision","GCSE","Mathematics","U","522"
202223,"Academic year","National","E92000001","England","Revised","Alternative provision","GCSE","Mathematics","X","418"
202223,"Academic year","National","E92000001","England","Revised","Alternative provision","GCSE","Mathematics & science","1","z"
202223,"Academic year","National","E92000001","England","Revised","Alternative provision","GCSE","Mathematics & science","2","z"
202223,"Academic year","National","E92000001","England","Revised","Alternative provision","GCSE","Mathematics & science","3","z"
202223,"Academic year","National","E92000001","England","Revised","Alternative provision","GCSE","Mathematics & science","4","z"
202223,"Academic year","National","E92000001","England","Revised","Alternative provision","GCSE","Mathematics & science","5","z"
202223,"Academic year","National","E92000001","England","Revised","Alternative provision","GCSE","Mathematics & science","6","z"
202223,"Academic year","National","E92000001","England","Revised","Alternative provision","GCSE","Mathematics & science","7","z"
202223,"Academic year","National","E92000001","England","Revised","Alternative provision","GCSE","Mathematics & science","8","z"
202223,"Academic year","National","E92000001","England","Revised","Alternative provision","GCSE","Mathematics & science","9","z"
202223,"Academic year","National","E92000001","England","Revised","Alternative provision","GCSE","Mathematics & science","Covid impacted","z"
202223,"Academic year","National","E92000001","England","Revised","Alternative provision","GCSE","Mathematics & science","Total exam entries","2362"
202223,"Academic year","National","E92000001","England","Revised","Alternative provision","GCSE","Mathematics & science","U","z"
202223,"Academic year","National","E92000001","England","Revised","Alternative provision","GCSE","Mathematics & science","X","z"
202223,"Academic year","National","E92000001","England","Revised","Alternative provision","GCSE","Media/Film/TV","1","3"
202223,"Academic year","National","E92000001","England","Revised","Alternative provision","GCSE","Media/Film/TV","2","2"
202223,"Academic year","National","E92000001","England","Revised","Alternative provision","GCSE","Media/Film/TV","3","9"
202223,"Academic year","National","E92000001","England","Revised","Alternative provision","GCSE","Media/Film/TV","4","4"
202223,"Academic year","National","E92000001","England","Revised","Alternative provision","GCSE","Media/Film/TV","5","2"
202223,"Academic year","National","E92000001","England","Revised","Alternative provision","GCSE","Media/Film/TV","6","3"
202223,"Academic year","National","E92000001","England","Revised","Alternative provision","GCSE","Media/Film/TV","7","1"
202223,"Academic year","National","E92000001","England","Revised","Alternative provision","GCSE","Media/Film/TV","8","2"
202223,"Academic year","National","E92000001","England","Revised","Alternative provision","GCSE","Media/Film/TV","9","0"
202223,"Academic year","National","E92000001","England","Revised","Alternative provision","GCSE","Media/Film/TV","Covid impacted","0"
202223,"Academic year","National","E92000001","England","Revised","Alternative provision","GCSE","Media/Film/TV","Total exam entries","33"
202223,"Academic year","National","E92000001","England","Revised","Alternative provision","GCSE","Media/Film/TV","U","3"
202223,"Academic year","National","E92000001","England","Revised","Alternative provision","GCSE","Media/Film/TV","X","4"
202223,"Academic year","National","E92000001","England","Revised","Alternative provision","GCSE","Music","1","1"
202223,"Academic year","National","E92000001","England","Revised","Alternative provision","GCSE","Music","2","4"
202223,"Academic year","National","E92000001","England","Revised","Alternative provision","GCSE","Music","3","1"
202223,"Academic year","National","E92000001","England","Revised","Alternative provision","GCSE","Music","4","0"
202223,"Academic year","National","E92000001","England","Revised","Alternative provision","GCSE","Music","5","1"
202223,"Academic year","National","E92000001","England","Revised","Alternative provision","GCSE","Music","6","0"
202223,"Academic year","National","E92000001","England","Revised","Alternative provision","GCSE","Music","7","0"
202223,"Academic year","National","E92000001","England","Revised","Alternative provision","GCSE","Music","8","1"
202223,"Academic year","National","E92000001","England","Revised","Alternative provision","GCSE","Music","9","0"
202223,"Academic year","National","E92000001","England","Revised","Alternative provision","GCSE","Music","Covid impacted","0"
202223,"Academic year","National","E92000001","England","Revised","Alternative provision","GCSE","Music","Total exam entries","11"
202223,"Academic year","National","E92000001","England","Revised","Alternative provision","GCSE","Music","U","1"
202223,"Academic year","National","E92000001","England","Revised","Alternative provision","GCSE","Music","X","2"
202223,"Academic year","National","E92000001","England","Revised","Alternative provision","GCSE","Other Modern Languages","1","1"
202223,"Academic year","National","E92000001","England","Revised","Alternative provision","GCSE","Other Modern Languages","2","1"
202223,"Academic year","National","E92000001","England","Revised","Alternative provision","GCSE","Other Modern Languages","3","3"
202223,"Academic year","National","E92000001","England","Revised","Alternative provision","GCSE","Other Modern Languages","4","4"
202223,"Academic year","National","E92000001","England","Revised","Alternative provision","GCSE","Other Modern Languages","5","12"
202223,"Academic year","National","E92000001","England","Revised","Alternative provision","GCSE","Other Modern Languages","6","3"
202223,"Academic year","National","E92000001","England","Revised","Alternative provision","GCSE","Other Modern Languages","7","3"
202223,"Academic year","National","E92000001","England","Revised","Alternative provision","GCSE","Other Modern Languages","8","4"
202223,"Academic year","National","E92000001","England","Revised","Alternative provision","GCSE","Other Modern Languages","9","9"
202223,"Academic year","National","E92000001","England","Revised","Alternative provision","GCSE","Other Modern Languages","Covid impacted","1"
202223,"Academic year","National","E92000001","England","Revised","Alternative provision","GCSE","Other Modern Languages","Total exam entries","43"
202223,"Academic year","National","E92000001","England","Revised","Alternative provision","GCSE","Other Modern Languages","U","2"
202223,"Academic year","National","E92000001","England","Revised","Alternative provision","GCSE","Other Modern Languages","X","0"
202223,"Academic year","National","E92000001","England","Revised","Alternative provision","GCSE","Other Sciences","1","0"
202223,"Academic year","National","E92000001","England","Revised","Alternative provision","GCSE","Other Sciences","2","0"
202223,"Academic year","National","E92000001","England","Revised","Alternative provision","GCSE","Other Sciences","3","0"
202223,"Academic year","National","E92000001","England","Revised","Alternative provision","GCSE","Other Sciences","4","0"
202223,"Academic year","National","E92000001","England","Revised","Alternative provision","GCSE","Other Sciences","5","1"
202223,"Academic year","National","E92000001","England","Revised","Alternative provision","GCSE","Other Sciences","6","0"
202223,"Academic year","National","E92000001","England","Revised","Alternative provision","GCSE","Other Sciences","7","0"
202223,"Academic year","National","E92000001","England","Revised","Alternative provision","GCSE","Other Sciences","8","0"
202223,"Academic year","National","E92000001","England","Revised","Alternative provision","GCSE","Other Sciences","9","0"
202223,"Academic year","National","E92000001","England","Revised","Alternative provision","GCSE","Other Sciences","Covid impacted","0"
202223,"Academic year","National","E92000001","England","Revised","Alternative provision","GCSE","Other Sciences","Total exam entries","1"
202223,"Academic year","National","E92000001","England","Revised","Alternative provision","GCSE","Other Sciences","U","0"
202223,"Academic year","National","E92000001","England","Revised","Alternative provision","GCSE","Other Sciences","X","0"
202223,"Academic year","National","E92000001","England","Revised","Alternative provision","GCSE","Physical Education","1","23"
202223,"Academic year","National","E92000001","England","Revised","Alternative provision","GCSE","Physical Education","2","15"
202223,"Academic year","National","E92000001","England","Revised","Alternative provision","GCSE","Physical Education","3","8"
202223,"Academic year","National","E92000001","England","Revised","Alternative provision","GCSE","Physical Education","4","0"
202223,"Academic year","National","E92000001","England","Revised","Alternative provision","GCSE","Physical Education","5","1"
202223,"Academic year","National","E92000001","England","Revised","Alternative provision","GCSE","Physical Education","6","1"
202223,"Academic year","National","E92000001","England","Revised","Alternative provision","GCSE","Physical Education","7","0"
202223,"Academic year","National","E92000001","England","Revised","Alternative provision","GCSE","Physical Education","8","0"
202223,"Academic year","National","E92000001","England","Revised","Alternative provision","GCSE","Physical Education","9","0"
202223,"Academic year","National","E92000001","England","Revised","Alternative provision","GCSE","Physical Education","Covid impacted","0"
202223,"Academic year","National","E92000001","England","Revised","Alternative provision","GCSE","Physical Education","Total exam entries","79"
202223,"Academic year","National","E92000001","England","Revised","Alternative provision","GCSE","Physical Education","U","26"
202223,"Academic year","National","E92000001","England","Revised","Alternative provision","GCSE","Physical Education","X","5"
202223,"Academic year","National","E92000001","England","Revised","Alternative provision","GCSE","Physics","1","22"
202223,"Academic year","National","E92000001","England","Revised","Alternative provision","GCSE","Physics","2","24"
202223,"Academic year","National","E92000001","England","Revised","Alternative provision","GCSE","Physics","3","21"
202223,"Academic year","National","E92000001","England","Revised","Alternative provision","GCSE","Physics","4","14"
202223,"Academic year","National","E92000001","England","Revised","Alternative provision","GCSE","Physics","5","10"
202223,"Academic year","National","E92000001","England","Revised","Alternative provision","GCSE","Physics","6","5"
202223,"Academic year","National","E92000001","England","Revised","Alternative provision","GCSE","Physics","7","2"
202223,"Academic year","National","E92000001","England","Revised","Alternative provision","GCSE","Physics","8","2"
202223,"Academic year","National","E92000001","England","Revised","Alternative provision","GCSE","Physics","9","0"
202223,"Academic year","National","E92000001","England","Revised","Alternative provision","GCSE","Physics","Covid impacted","0"
202223,"Academic year","National","E92000001","England","Revised","Alternative provision","GCSE","Physics","Total exam entries","142"
202223,"Academic year","National","E92000001","England","Revised","Alternative provision","GCSE","Physics","U","17"
202223,"Academic year","National","E92000001","England","Revised","Alternative provision","GCSE","Physics","X","25"
202223,"Academic year","National","E92000001","England","Revised","Alternative provision","GCSE","Religious Studies","1","20"
202223,"Academic year","National","E92000001","England","Revised","Alternative provision","GCSE","Religious Studies","2","33"
202223,"Academic year","National","E92000001","England","Revised","Alternative provision","GCSE","Religious Studies","3","22"
202223,"Academic year","National","E92000001","England","Revised","Alternative provision","GCSE","Religious Studies","4","13"
202223,"Academic year","National","E92000001","England","Revised","Alternative provision","GCSE","Religious Studies","5","14"
202223,"Academic year","National","E92000001","England","Revised","Alternative provision","GCSE","Religious Studies","6","14"
202223,"Academic year","National","E92000001","England","Revised","Alternative provision","GCSE","Religious Studies","7","9"
202223,"Academic year","National","E92000001","England","Revised","Alternative provision","GCSE","Religious Studies","8","8"
202223,"Academic year","National","E92000001","England","Revised","Alternative provision","GCSE","Religious Studies","9","5"
202223,"Academic year","National","E92000001","England","Revised","Alternative provision","GCSE","Religious Studies","Covid impacted","1"
202223,"Academic year","National","E92000001","England","Revised","Alternative provision","GCSE","Religious Studies","Total exam entries","179"
202223,"Academic year","National","E92000001","England","Revised","Alternative provision","GCSE","Religious Studies","U","16"
202223,"Academic year","National","E92000001","England","Revised","Alternative provision","GCSE","Religious Studies","X","24"
202223,"Academic year","National","E92000001","England","Revised","Alternative provision","GCSE","Social Studies","1","100"
202223,"Academic year","National","E92000001","England","Revised","Alternative provision","GCSE","Social Studies","2","74"
202223,"Academic year","National","E92000001","England","Revised","Alternative provision","GCSE","Social Studies","3","75"
202223,"Academic year","National","E92000001","England","Revised","Alternative provision","GCSE","Social Studies","4","58"
202223,"Academic year","National","E92000001","England","Revised","Alternative provision","GCSE","Social Studies","5","25"
202223,"Academic year","National","E92000001","England","Revised","Alternative provision","GCSE","Social Studies","6","32"
202223,"Academic year","National","E92000001","England","Revised","Alternative provision","GCSE","Social Studies","7","9"
202223,"Academic year","National","E92000001","England","Revised","Alternative provision","GCSE","Social Studies","8","4"
202223,"Academic year","National","E92000001","England","Revised","Alternative provision","GCSE","Social Studies","9","5"
202223,"Academic year","National","E92000001","England","Revised","Alternative provision","GCSE","Social Studies","Covid impacted","1"
202223,"Academic year","National","E92000001","England","Revised","Alternative provision","GCSE","Social Studies","Total exam entries","499"
202223,"Academic year","National","E92000001","England","Revised","Alternative provision","GCSE","Social Studies","U","60"
202223,"Academic year","National","E92000001","England","Revised","Alternative provision","GCSE","Social Studies","X","56"
202223,"Academic year","National","E92000001","England","Revised","Alternative provision","GCSE","Spanish","1","1"
202223,"Academic year","National","E92000001","England","Revised","Alternative provision","GCSE","Spanish","2","4"
202223,"Academic year","National","E92000001","England","Revised","Alternative provision","GCSE","Spanish","3","2"
202223,"Academic year","National","E92000001","England","Revised","Alternative provision","GCSE","Spanish","4","5"
202223,"Academic year","National","E92000001","England","Revised","Alternative provision","GCSE","Spanish","5","11"
202223,"Academic year","National","E92000001","England","Revised","Alternative provision","GCSE","Spanish","6","1"
202223,"Academic year","National","E92000001","England","Revised","Alternative provision","GCSE","Spanish","7","2"
202223,"Academic year","National","E92000001","England","Revised","Alternative provision","GCSE","Spanish","8","2"
202223,"Academic year","National","E92000001","England","Revised","Alternative provision","GCSE","Spanish","9","6"
202223,"Academic year","National","E92000001","England","Revised","Alternative provision","GCSE","Spanish","Covid impacted","1"
202223,"Academic year","National","E92000001","England","Revised","Alternative provision","GCSE","Spanish","Total exam entries","37"
202223,"Academic year","National","E92000001","England","Revised","Alternative provision","GCSE","Spanish","U","0"
202223,"Academic year","National","E92000001","England","Revised","Alternative provision","GCSE","Spanish","X","2"
202223,"Academic year","National","E92000001","England","Revised","Alternative provision","GCSE","Statistics","1","35"
202223,"Academic year","National","E92000001","England","Revised","Alternative provision","GCSE","Statistics","2","30"
202223,"Academic year","National","E92000001","England","Revised","Alternative provision","GCSE","Statistics","3","42"
202223,"Academic year","National","E92000001","England","Revised","Alternative provision","GCSE","Statistics","4","19"
202223,"Academic year","National","E92000001","England","Revised","Alternative provision","GCSE","Statistics","5","19"
202223,"Academic year","National","E92000001","England","Revised","Alternative provision","GCSE","Statistics","6","2"
202223,"Academic year","National","E92000001","England","Revised","Alternative provision","GCSE","Statistics","7","1"
202223,"Academic year","National","E92000001","England","Revised","Alternative provision","GCSE","Statistics","8","1"
202223,"Academic year","National","E92000001","England","Revised","Alternative provision","GCSE","Statistics","9","0"
202223,"Academic year","National","E92000001","England","Revised","Alternative provision","GCSE","Statistics","Covid impacted","0"
202223,"Academic year","National","E92000001","England","Revised","Alternative provision","GCSE","Statistics","Total exam entries","214"
202223,"Academic year","National","E92000001","England","Revised","Alternative provision","GCSE","Statistics","U","17"
202223,"Academic year","National","E92000001","England","Revised","Alternative provision","GCSE","Statistics","X","48"
