time_period,time_identifier,geographic_level,country_code,country_name,region_code,region_name,old_la_code,new_la_code,la_name,version,education_investment_area_flag,priority_area_flag,establishment_type,breakdown,gender,ethnicity_major,ethnicity_minor,free_school_meals,sen_status,sen_description,disadvantage,first_language,t_schools,t_pupils,t_att8,avg_att8,t_entbasics,pt_entbasics,t_l2basics_95,pt_l2basics_95,t_l2basics_94,pt_l2basics_94,t_ebacc_e_ptq_ee,pt_ebacc_e_ptq_ee,t_ebacc_95,pt_ebacc_95,t_ebacc_94,pt_ebacc_94,t_ebaccaps,avg_ebaccaps,t_inp8calc,t_p8score,avg_p8score,p8score_ci_low,p8score_ci_upp
202223,Academic year,Local authority,E92000001,England,E13000001,Inner London,209,E09000023,Lewisham,Revised,0,0,State-funded schools (LA),Ethnicity minor,Boys,Asian,Any other Asian background,Total,Total,Total,Total,Total,14,57,2954.75,51.8,51,89.5,33,57.9,42,73.7,23,40.4,10,17.5,15,26.3,269,4.72,51,22.648,0.44,0.06,0.83
202223,Academic year,Local authority,E92000001,England,E13000001,Inner London,209,E09000023,Lewisham,Revised,0,0,State-funded schools (LA),Ethnicity minor,Boys,Asian,Bangladeshi,Total,Total,Total,Total,Total,5,9,444.5,49.4,8,88.9,6,66.7,7,77.8,4,44.4,4,44.4,4,44.4,40.66,4.52,9,2.043,0.23,-0.7,1.15
202223,Academic year,Local authority,E92000001,England,E13000001,Inner London,209,E09000023,Lewisham,Revised,0,0,State-funded schools (LA),Ethnicity minor,Boys,Asian,Chinese,Total,Total,Total,Total,Total,11,22,1346.25,61.2,20,90.9,16,72.7,18,81.8,14,63.6,8,36.4,12,54.5,128,5.82,19,15.415,0.81,0.18,1.45
202223,Academic year,Local authority,E92000001,England,E13000001,Inner London,209,E09000023,Lewisham,Revised,0,0,State-funded schools (LA),Ethnicity minor,Boys,Asian,Indian,Total,Total,Total,Total,Total,5,11,437,39.7,9,81.8,5,45.5,6,54.5,2,18.2,0,0,1,9.1,38.5,3.5,9,-3.3,-0.37,-1.29,0.56
202223,Academic year,Local authority,E92000001,England,E13000001,Inner London,209,E09000023,Lewisham,Revised,0,0,State-funded schools (LA),Ethnicity minor,Boys,Asian,Pakistani,Total,Total,Total,Total,Total,5,7,397.25,56.8,7,100,4,57.1,5,71.4,3,42.9,1,14.3,1,14.3,34.32,4.9,7,11.336,1.62,0.57,2.67
202223,Academic year,Local authority,E92000001,England,E13000001,Inner London,209,E09000023,Lewisham,Revised,0,0,State-funded schools (LA),Ethnicity major,Boys,Asian,Total,Total,Total,Total,Total,Total,15,106,5579.75,52.6,95,89.6,64,60.4,78,73.6,46,43.4,23,21.7,33,31.1,510.48,4.82,95,48.142,0.51,0.22,0.79
202223,Academic year,Local authority,E92000001,England,E13000001,Inner London,209,E09000023,Lewisham,Revised,0,0,State-funded schools (LA),Ethnicity minor,Boys,Black,Any other black background,Total,Total,Total,Total,Total,13,50,1996.5,39.9,48,96,22,44,26,52,24,48,5,10,8,16,179.84,3.6,44,-7.271,-0.17,-0.58,0.25
202223,Academic year,Local authority,E92000001,England,E13000001,Inner London,209,E09000023,Lewisham,Revised,0,0,State-funded schools (LA),Ethnicity minor,Boys,Black,Black African,Total,Total,Total,Total,Total,16,251,10506.75,41.9,235,93.6,100,39.8,151,60.2,119,47.4,23,9.2,42,16.7,942.26,3.75,217,-30.569,-0.14,-0.33,0.05
202223,Academic year,Local authority,E92000001,England,E13000001,Inner London,209,E09000023,Lewisham,Revised,0,0,State-funded schools (LA),Ethnicity minor,Boys,Black,Caribbean,Total,Total,Total,Total,Total,16,167,6046.25,36.2,158,94.6,46,27.5,79,47.3,58,34.7,9,5.4,18,10.8,526.03,3.15,158,-78.635,-0.5,-0.72,-0.28
202223,Academic year,Local authority,E92000001,England,E13000001,Inner London,209,E09000023,Lewisham,Revised,0,0,State-funded schools (LA),Ethnicity major,Boys,Black,Total,Total,Total,Total,Total,Total,16,468,18549.5,39.6,441,94.2,168,35.9,256,54.7,201,42.9,37,7.9,68,14.5,1648.13,3.52,419,-116.475,-0.28,-0.41,-0.14
202223,Academic year,Local authority,E92000001,England,E13000001,Inner London,209,E09000023,Lewisham,Revised,0,0,State-funded schools (LA),Ethnicity minor,Boys,Mixed,Any other mixed background,Total,Total,Total,Total,Total,12,63,2489.5,39.5,56,88.9,22,34.9,31,49.2,20,31.7,8,12.7,10,15.9,221.97,3.52,59,-12.476,-0.21,-0.57,0.15
202223,Academic year,Local authority,E92000001,England,E13000001,Inner London,209,E09000023,Lewisham,Revised,0,0,State-funded schools (LA),Ethnicity major,Boys,Mixed,Total,Total,Total,Total,Total,Total,13,150,6327,42.2,140,93.3,60,40,85,56.7,56,37.3,20,13.3,28,18.7,564.6,3.76,143,-23.555,-0.16,-0.4,0.07
202223,Academic year,Local authority,E92000001,England,E13000001,Inner London,209,E09000023,Lewisham,Revised,0,0,State-funded schools (LA),Ethnicity minor,Boys,Mixed,White and Asian,Total,Total,Total,Total,Total,5,7,368,52.6,7,100,5,71.4,6,85.7,1,14.3,0,0,0,0,30.82,4.4,7,1.138,0.16,-0.88,1.21
202223,Academic year,Local authority,E92000001,England,E13000001,Inner London,209,E09000023,Lewisham,Revised,0,0,State-funded schools (LA),Ethnicity minor,Boys,Mixed,White and Black African,Total,Total,Total,Total,Total,12,29,1497.75,51.6,29,100,15,51.7,20,69,16,55.2,7,24.1,10,34.5,135.32,4.67,28,4.406,0.16,-0.37,0.68
202223,Academic year,Local authority,E92000001,England,E13000001,Inner London,209,E09000023,Lewisham,Revised,0,0,State-funded schools (LA),Ethnicity minor,Boys,Mixed,White and Black Caribbean,Total,Total,Total,Total,Total,12,51,1971.75,38.7,48,94.1,18,35.3,28,54.9,19,37.3,5,9.8,8,15.7,176.49,3.46,49,-16.623,-0.34,-0.74,0.06
202223,Academic year,Local authority,E92000001,England,E13000001,Inner London,209,E09000023,Lewisham,Revised,0,0,State-funded schools (LA),Ethnicity minor,Boys,Other,Any other ethnic group,Total,Total,Total,Total,Total,12,43,1645.5,38.3,40,93,17,39.5,23,53.5,15,34.9,4,9.3,7,16.3,152.83,3.55,30,-0.161,-0.01,-0.51,0.5
202223,Academic year,Local authority,E92000001,England,E13000001,Inner London,209,E09000023,Lewisham,Revised,0,0,State-funded schools (LA),Ethnicity major,Boys,Other,Total,Total,Total,Total,Total,Total,12,43,1645.5,38.3,40,93,17,39.5,23,53.5,15,34.9,4,9.3,7,16.3,152.83,3.55,30,-0.161,-0.01,-0.51,0.5
202223,Academic year,Local authority,E92000001,England,E13000001,Inner London,209,E09000023,Lewisham,Revised,0,0,State-funded schools (LA),Free school meals,Boys,Total,Total,FSM,Total,Total,Total,Total,16,356,11948.75,33.6,317,89,95,26.7,145,40.7,109,30.6,16,4.5,35,9.8,1059.3,2.98,323,-187.244,-0.58,-0.73,-0.43
202223,Academic year,Local authority,E92000001,England,E13000001,Inner London,209,E09000023,Lewisham,Revised,0,0,State-funded schools (LA),Free school meals,Boys,Total,Total,FSM all other,Total,Total,Total,Total,16,775,36391,47,736,95,384,49.5,520,67.1,365,47.1,132,17,192,24.8,3297.56,4.25,693,98.674,0.14,0.04,0.25
202223,Academic year,Local authority,E92000001,England,E13000001,Inner London,209,E09000023,Lewisham,Revised,0,0,State-funded schools (LA),SEN status,Boys,Total,Total,Total,No SEN,Total,Total,Total,12,836,40326.75,48.2,826,98.8,428,51.2,576,68.9,415,49.6,138,16.5,209,25,3665.08,4.38,739,74.434,0.1,0,0.2
202223,Academic year,Local authority,E92000001,England,E13000001,Inner London,209,E09000023,Lewisham,Revised,0,0,State-funded schools (LA),SEN status,Boys,Total,Total,Total,SEN State EHC,Total,Total,Total,15,100,1221.5,12.2,40,40,6,6,10,10,7,7,1,1,5,5,103.16,1.03,91,-96.428,-1.06,-1.35,-0.77
202223,Academic year,Local authority,E92000001,England,E13000001,Inner London,209,E09000023,Lewisham,Revised,0,0,State-funded schools (LA),SEN status,Boys,Total,Total,Total,SEN Supp,Total,Total,Total,13,195,6791.5,34.8,187,95.9,45,23.1,79,40.5,52,26.7,9,4.6,13,6.7,588.62,3.02,186,-66.576,-0.36,-0.56,-0.15
202223,Academic year,Local authority,E92000001,England,E13000001,Inner London,209,E09000023,Lewisham,Revised,0,0,State-funded schools (LA),SEN description,Boys,Total,Total,Total,Total,Any SEN,Total,Total,16,295,8013,27.2,227,76.9,51,17.3,89,30.2,59,20,10,3.4,18,6.1,691.78,2.35,277,-163.004,-0.59,-0.75,-0.42
202223,Academic year,Local authority,E92000001,England,E13000001,Inner London,209,E09000023,Lewisham,Revised,0,0,State-funded schools (LA),SEN description,Boys,Total,Total,Total,Total,No identified SEN,Total,Total,12,836,40326.75,48.2,826,98.8,428,51.2,576,68.9,415,49.6,138,16.5,209,25,3665.08,4.38,739,74.434,0.1,0,0.2
202223,Academic year,Local authority,E92000001,England,E13000001,Inner London,209,E09000023,Lewisham,Revised,0,0,State-funded schools (LA),Disadvantage,Boys,Total,Total,Total,Total,Total,Disadvantaged,Total,16,404,13576.75,33.6,355,87.9,109,27,169,41.8,123,30.4,20,5,42,10.4,1205.29,2.98,367,-218.902,-0.6,-0.74,-0.45
202223,Academic year,Local authority,E92000001,England,E13000001,Inner London,209,E09000023,Lewisham,Revised,0,0,State-funded schools (LA),Disadvantage,Boys,Total,Total,Total,Total,Total,Disadvantaged all other,Total,16,727,34763,47.8,698,96,370,50.9,496,68.2,351,48.3,128,17.6,185,25.4,3151.57,4.34,649,130.332,0.2,0.09,0.31
202223,Academic year,Local authority,E92000001,England,E13000001,Inner London,209,E09000023,Lewisham,Revised,0,0,State-funded schools (LA),First language,Boys,Total,Total,Total,Total,Total,Total,English,16,763,32580.5,42.7,709,92.9,323,42.3,449,58.8,303,39.7,94,12.3,147,19.3,2904.41,3.81,726,-134.214,-0.18,-0.29,-0.08
202223,Academic year,Local authority,E92000001,England,E13000001,Inner London,209,E09000023,Lewisham,Revised,0,0,State-funded schools (LA),First language,Boys,Total,Total,Total,Total,Total,Total,Other than English,15,361,15478,42.9,337,93.4,153,42.4,211,58.4,167,46.3,53,14.7,78,21.6,1425.96,3.95,284,50.11,0.18,0.01,0.34
202223,Academic year,Local authority,E92000001,England,E13000001,Inner London,209,E09000023,Lewisham,Revised,0,0,State-funded schools (LA),Total,Boys,Total,Total,Total,Total,Total,Total,Total,16,1131,48339.75,42.7,1053,93.1,479,42.4,665,58.8,474,41.9,148,13.1,227,20.1,4356.86,3.85,1016,-88.57,-0.09,-0.17,0
202223,Academic year,Local authority,E92000001,England,E13000001,Inner London,209,E09000023,Lewisham,Revised,0,0,State-funded schools (LA),Ethnicity major,Boys,Unclassified,Total,Total,Total,Total,Total,Total,12,35,1321.25,37.8,32,91.4,10,28.6,18,51.4,21,60,2,5.7,7,20,124.64,3.56,30,-13.006,-0.43,-0.94,0.07
202223,Academic year,Local authority,E92000001,England,E13000001,Inner London,209,E09000023,Lewisham,Revised,0,0,State-funded schools (LA),Ethnicity minor,Boys,Unclassified,Unclassified,Total,Total,Total,Total,Total,12,35,1321.25,37.8,32,91.4,10,28.6,18,51.4,21,60,2,5.7,7,20,124.64,3.56,30,-13.006,-0.43,-0.94,0.07
202223,Academic year,Local authority,E92000001,England,E13000001,Inner London,209,E09000023,Lewisham,Revised,0,0,State-funded schools (LA),Ethnicity minor,Boys,White,Any other white background,Total,Total,Total,Total,Total,14,123,5523,44.9,118,95.9,57,46.3,76,61.8,59,48,24,19.5,32,26,507.37,4.12,96,35.936,0.37,0.09,0.66
202223,Academic year,Local authority,E92000001,England,E13000001,Inner London,209,E09000023,Lewisham,Revised,0,0,State-funded schools (LA),Ethnicity minor,Boys,White,Gypsy/Roma,Total,Total,Total,Total,Total,1,1,4,4,1,100,0,0,0,0,0,0,0,0,0,0,0.33,0.33,0,z,z,z,z
202223,Academic year,Local authority,E92000001,England,E13000001,Inner London,209,E09000023,Lewisham,Revised,0,0,State-funded schools (LA),Ethnicity major,Boys,White,Total,Total,Total,Total,Total,Total,16,329,14916.75,45.3,305,92.7,160,48.6,205,62.3,135,41,62,18.8,84,25.5,1356.18,4.12,299,16.485,0.06,-0.11,0.22
202223,Academic year,Local authority,E92000001,England,E13000001,Inner London,209,E09000023,Lewisham,Revised,0,0,State-funded schools (LA),Ethnicity minor,Boys,White,White British,Total,Total,Total,Total,Total,16,201,9156.75,45.6,182,90.5,100,49.8,125,62.2,74,36.8,37,18.4,50,24.9,827.14,4.12,199,-20.285,-0.1,-0.3,0.09
202223,Academic year,Local authority,E92000001,England,E13000001,Inner London,209,E09000023,Lewisham,Revised,0,0,State-funded schools (LA),Ethnicity minor,Boys,White,White Irish,Total,Total,Total,Total,Total,4,4,233,58.3,4,100,3,75,4,100,2,50,1,25,2,50,21.34,5.34,4,0.834,0.21,-1.18,1.59
202223,Academic year,Local authority,E92000001,England,E13000001,Inner London,209,E09000023,Lewisham,Revised,0,0,State-funded schools (LA),Ethnicity minor,Girls,Asian,Any other Asian background,Total,Total,Total,Total,Total,12,31,1588.5,51.2,31,100,18,58.1,24,77.4,20,64.5,5,16.1,11,35.5,144.15,4.65,26,16.061,0.62,0.07,1.16
202223,Academic year,Local authority,E92000001,England,E13000001,Inner London,209,E09000023,Lewisham,Revised,0,0,State-funded schools (LA),Ethnicity minor,Girls,Asian,Bangladeshi,Total,Total,Total,Total,Total,7,12,530.75,44.2,12,100,6,50,8,66.7,6,50,3,25,4,33.3,47.66,3.97,11,-3.032,-0.28,-1.11,0.56
202223,Academic year,Local authority,E92000001,England,E13000001,Inner London,209,E09000023,Lewisham,Revised,0,0,State-funded schools (LA),Ethnicity minor,Girls,Asian,Chinese,Total,Total,Total,Total,Total,6,10,652,65.2,10,100,8,80,9,90,9,90,7,70,7,70,62.51,6.25,9,12.196,1.36,0.43,2.28
202223,Academic year,Local authority,E92000001,England,E13000001,Inner London,209,E09000023,Lewisham,Revised,0,0,State-funded schools (LA),Ethnicity minor,Girls,Asian,Indian,Total,Total,Total,Total,Total,3,4,238,59.5,4,100,3,75,4,100,3,75,2,50,2,50,22.33,5.58,4,2.845,0.71,-0.67,2.1
202223,Academic year,Local authority,E92000001,England,E13000001,Inner London,209,E09000023,Lewisham,Revised,0,0,State-funded schools (LA),Ethnicity minor,Girls,Asian,Pakistani,Total,Total,Total,Total,Total,5,8,254.5,31.8,6,75,1,12.5,2,25,3,37.5,1,12.5,1,12.5,23.35,2.92,8,-0.096,-0.01,-0.99,0.97
202223,Academic year,Local authority,E92000001,England,E13000001,Inner London,209,E09000023,Lewisham,Revised,0,0,State-funded schools (LA),Ethnicity major,Girls,Asian,Total,Total,Total,Total,Total,Total,14,65,3263.75,50.2,63,96.9,36,55.4,47,72.3,41,63.1,18,27.7,25,38.5,300,4.62,58,27.974,0.48,0.12,0.85
202223,Academic year,Local authority,E92000001,England,E13000001,Inner London,209,E09000023,Lewisham,Revised,0,0,State-funded schools (LA),Ethnicity minor,Girls,Black,Any other black background,Total,Total,Total,Total,Total,14,44,1764.75,40.1,40,90.9,16,36.4,18,40.9,24,54.5,4,9.1,9,20.5,158.49,3.6,42,-11.013,-0.26,-0.69,0.17
202223,Academic year,Local authority,E92000001,England,E13000001,Inner London,209,E09000023,Lewisham,Revised,0,0,State-funded schools (LA),Ethnicity minor,Girls,Black,Black African,Total,Total,Total,Total,Total,14,281,13571.75,48.3,274,97.5,135,48,186,66.2,180,64.1,55,19.6,84,29.9,1233.31,4.39,247,58.457,0.24,0.06,0.41
202223,Academic year,Local authority,E92000001,England,E13000001,Inner London,209,E09000023,Lewisham,Revised,0,0,State-funded schools (LA),Ethnicity minor,Girls,Black,Caribbean,Total,Total,Total,Total,Total,13,137,5763.25,42.1,137,100,44,32.1,76,55.5,74,54,13,9.5,24,17.5,510.46,3.73,135,-30.665,-0.23,-0.47,0.01
202223,Academic year,Local authority,E92000001,England,E13000001,Inner London,209,E09000023,Lewisham,Revised,0,0,State-funded schools (LA),Ethnicity major,Girls,Black,Total,Total,Total,Total,Total,Total,15,462,21099.75,45.7,451,97.6,195,42.2,280,60.6,278,60.2,72,15.6,117,25.3,1902.26,4.12,424,16.779,0.04,-0.1,0.17
202223,Academic year,Local authority,E92000001,England,E13000001,Inner London,209,E09000023,Lewisham,Revised,0,0,State-funded schools (LA),Ethnicity minor,Girls,Mixed,Any other mixed background,Total,Total,Total,Total,Total,12,50,2356.75,47.1,50,100,22,44,31,62,31,62,12,24,18,36,213.31,4.27,45,-4.705,-0.1,-0.52,0.31
202223,Academic year,Local authority,E92000001,England,E13000001,Inner London,209,E09000023,Lewisham,Revised,0,0,State-funded schools (LA),Ethnicity major,Girls,Mixed,Total,Total,Total,Total,Total,Total,13,167,7777.25,46.6,164,98.2,71,42.5,98,58.7,102,61.1,38,22.8,53,31.7,705.62,4.23,157,-21.593,-0.14,-0.36,0.08
202223,Academic year,Local authority,E92000001,England,E13000001,Inner London,209,E09000023,Lewisham,Revised,0,0,State-funded schools (LA),Ethnicity minor,Girls,Mixed,White and Asian,Total,Total,Total,Total,Total,8,18,1137,63.2,18,100,14,77.8,15,83.3,13,72.2,9,50,10,55.6,104.66,5.81,18,11.15,0.62,-0.03,1.27
202223,Academic year,Local authority,E92000001,England,E13000001,Inner London,209,E09000023,Lewisham,Revised,0,0,State-funded schools (LA),Ethnicity minor,Girls,Mixed,White and Black African,Total,Total,Total,Total,Total,11,32,1674.25,52.3,32,100,17,53.1,22,68.8,18,56.3,9,28.1,10,31.3,151.83,4.74,29,9.786,0.34,-0.18,0.85
202223,Academic year,Local authority,E92000001,England,E13000001,Inner London,209,E09000023,Lewisham,Revised,0,0,State-funded schools (LA),Ethnicity minor,Girls,Mixed,White and Black Caribbean,Total,Total,Total,Total,Total,12,67,2609.25,38.9,64,95.5,18,26.9,30,44.8,40,59.7,8,11.9,15,22.4,235.82,3.52,65,-37.824,-0.58,-0.93,-0.24
202223,Academic year,Local authority,E92000001,England,E13000001,Inner London,209,E09000023,Lewisham,Revised,0,0,State-funded schools (LA),Ethnicity minor,Girls,Other,Any other ethnic group,Total,Total,Total,Total,Total,15,57,2870.5,50.4,54,94.7,30,52.6,38,66.7,28,49.1,14,24.6,20,35.1,263.32,4.62,44,21.845,0.5,0.08,0.91
202223,Academic year,Local authority,E92000001,England,E13000001,Inner London,209,E09000023,Lewisham,Revised,0,0,State-funded schools (LA),Ethnicity major,Girls,Other,Total,Total,Total,Total,Total,Total,15,57,2870.5,50.4,54,94.7,30,52.6,38,66.7,28,49.1,14,24.6,20,35.1,263.32,4.62,44,21.845,0.5,0.08,0.91
202223,Academic year,Local authority,E92000001,England,E13000001,Inner London,209,E09000023,Lewisham,Revised,0,0,State-funded schools (LA),Free school meals,Girls,Total,Total,FSM,Total,Total,Total,Total,16,325,12753.5,39.2,308,94.8,98,30.2,164,50.5,159,48.9,36,11.1,69,21.2,1141.75,3.51,295,-104.614,-0.35,-0.52,-0.19
202223,Academic year,Local authority,E92000001,England,E13000001,Inner London,209,E09000023,Lewisham,Revised,0,0,State-funded schools (LA),Free school meals,Girls,Total,Total,FSM all other,Total,Total,Total,Total,15,826,42483.5,51.4,805,97.5,438,53,564,68.3,551,66.7,233,28.2,309,37.4,3886.9,4.71,758,201.472,0.27,0.17,0.37
202223,Academic year,Local authority,E92000001,England,E13000001,Inner London,209,E09000023,Lewisham,Revised,0,0,State-funded schools (LA),SEN status,Girls,Total,Total,Total,No SEN,Total,Total,Total,13,994,50218.25,50.5,985,99.1,499,50.2,670,67.4,665,66.9,257,25.9,359,36.1,4599.98,4.63,902,163.987,0.18,0.09,0.27
202223,Academic year,Local authority,E92000001,England,E13000001,Inner London,209,E09000023,Lewisham,Revised,0,0,State-funded schools (LA),SEN status,Girls,Total,Total,Total,SEN State EHC,Total,Total,Total,12,37,373,10.1,14,37.8,1,2.7,2,5.4,3,8.1,1,2.7,1,2.7,31.66,0.86,36,-40.71,-1.13,-1.59,-0.67
202223,Academic year,Local authority,E92000001,England,E13000001,Inner London,209,E09000023,Lewisham,Revised,0,0,State-funded schools (LA),SEN status,Girls,Total,Total,Total,SEN Supp,Total,Total,Total,13,120,4645.75,38.7,114,95,36,30,56,46.7,42,35,11,9.2,18,15,397.01,3.31,115,-26.419,-0.23,-0.49,0.03
202223,Academic year,Local authority,E92000001,England,E13000001,Inner London,209,E09000023,Lewisham,Revised,0,0,State-funded schools (LA),SEN description,Girls,Total,Total,Total,Total,Any SEN,Total,Total,16,157,5018.75,32,128,81.5,37,23.6,58,36.9,45,28.7,12,7.6,19,12.1,428.67,2.73,151,-67.129,-0.44,-0.67,-0.22
202223,Academic year,Local authority,E92000001,England,E13000001,Inner London,209,E09000023,Lewisham,Revised,0,0,State-funded schools (LA),SEN description,Girls,Total,Total,Total,Total,No identified SEN,Total,Total,13,994,50218.25,50.5,985,99.1,499,50.2,670,67.4,665,66.9,257,25.9,359,36.1,4599.98,4.63,902,163.987,0.18,0.09,0.27
202223,Academic year,Local authority,E92000001,England,E13000001,Inner London,209,E09000023,Lewisham,Revised,0,0,State-funded schools (LA),Disadvantage,Girls,Total,Total,Total,Total,Total,Disadvantaged,Total,16,400,15912.5,39.8,380,95,126,31.5,204,51,204,51,45,11.3,86,21.5,1422.26,3.56,367,-136.431,-0.37,-0.52,-0.23
202223,Academic year,Local authority,E92000001,England,E13000001,Inner London,209,E09000023,Lewisham,Revised,0,0,State-funded schools (LA),Disadvantage,Girls,Total,Total,Total,Total,Total,Disadvantaged all other,Total,15,751,39324.5,52.4,733,97.6,410,54.6,524,69.8,506,67.4,224,29.8,292,38.9,3606.39,4.8,686,233.289,0.34,0.23,0.45
202223,Academic year,Local authority,E92000001,England,E13000001,Inner London,209,E09000023,Lewisham,Revised,0,0,State-funded schools (LA),First language,Girls,Total,Total,Total,Total,Total,Total,English,16,798,38218.75,47.9,765,95.9,380,47.6,509,63.8,492,61.7,178,22.3,255,32,3451.69,4.33,768,-10.884,-0.01,-0.11,0.09
202223,Academic year,Local authority,E92000001,England,E13000001,Inner London,209,E09000023,Lewisham,Revised,0,0,State-funded schools (LA),First language,Girls,Total,Total,Total,Total,Total,Total,Other than English,15,345,16726.25,48.5,340,98.6,154,44.6,216,62.6,216,62.6,90,26.1,122,35.4,1551.78,4.5,277,113.922,0.41,0.24,0.58
202223,Academic year,Local authority,E92000001,England,E13000001,Inner London,209,E09000023,Lewisham,Revised,0,0,State-funded schools (LA),Total,Girls,Total,Total,Total,Total,Total,Total,Total,16,1151,55237,48,1113,96.7,536,46.6,728,63.2,710,61.7,269,23.4,378,32.8,5028.65,4.37,1053,96.858,0.09,0.01,0.18
202223,Academic year,Local authority,E92000001,England,E13000001,Inner London,209,E09000023,Lewisham,Revised,0,0,State-funded schools (LA),Ethnicity major,Girls,Unclassified,Total,Total,Total,Total,Total,Total,13,63,3053.5,48.5,61,96.8,31,49.2,43,68.3,43,68.3,14,22.2,22,34.9,277.68,4.41,58,8.876,0.15,-0.21,0.52
202223,Academic year,Local authority,E92000001,England,E13000001,Inner London,209,E09000023,Lewisham,Revised,0,0,State-funded schools (LA),Ethnicity minor,Girls,Unclassified,Unclassified,Total,Total,Total,Total,Total,13,63,3053.5,48.5,61,96.8,31,49.2,43,68.3,43,68.3,14,22.2,22,34.9,277.68,4.41,58,8.876,0.15,-0.21,0.52
202223,Academic year,Local authority,E92000001,England,E13000001,Inner London,209,E09000023,Lewisham,Revised,0,0,State-funded schools (LA),Ethnicity minor,Girls,White,Any other white background,Total,Total,Total,Total,Total,15,109,5333.75,48.9,104,95.4,49,45,68,62.4,76,69.7,34,31.2,42,38.5,504.84,4.63,88,32.154,0.37,0.07,0.66
202223,Academic year,Local authority,E92000001,England,E13000001,Inner London,209,E09000023,Lewisham,Revised,0,0,State-funded schools (LA),Ethnicity major,Girls,White,Total,Total,Total,Total,Total,Total,16,337,17172.25,51,320,95,173,51.3,222,65.9,218,64.7,113,33.5,141,41.8,1579.77,4.69,312,42.977,0.14,-0.02,0.29
202223,Academic year,Local authority,E92000001,England,E13000001,Inner London,209,E09000023,Lewisham,Revised,0,0,State-funded schools (LA),Ethnicity minor,Girls,White,White British,Total,Total,Total,Total,Total,15,226,11680.5,51.7,214,94.7,122,54,152,67.3,141,62.4,78,34.5,98,43.4,1060.93,4.69,222,8.825,0.04,-0.15,0.23
202223,Academic year,Local authority,E92000001,England,E13000001,Inner London,209,E09000023,Lewisham,Revised,0,0,State-funded schools (LA),Ethnicity minor,Girls,White,White Irish,Total,Total,Total,Total,Total,2,2,158,79,2,100,2,100,2,100,1,50,1,50,1,50,14,7,2,1.998,1,-0.96,2.96
202223,Academic year,Local authority,E92000001,England,E13000001,Inner London,209,E09000023,Lewisham,Revised,0,0,State-funded schools (LA),Ethnicity minor,Total,Asian,Any other Asian background,Total,Total,Total,Total,Total,17,88,4543.25,51.6,82,93.2,51,58,66,75,43,48.9,15,17,26,29.5,413.15,4.69,77,38.709,0.5,0.19,0.82
202223,Academic year,Local authority,E92000001,England,E13000001,Inner London,209,E09000023,Lewisham,Revised,0,0,State-funded schools (LA),Ethnicity minor,Total,Asian,Bangladeshi,Total,Total,Total,Total,Total,10,21,975.25,46.4,20,95.2,12,57.1,15,71.4,10,47.6,7,33.3,8,38.1,88.32,4.21,20,-0.989,-0.05,-0.67,0.57
202223,Academic year,Local authority,E92000001,England,E13000001,Inner London,209,E09000023,Lewisham,Revised,0,0,State-funded schools (LA),Ethnicity minor,Total,Asian,Chinese,Total,Total,Total,Total,Total,14,32,1998.25,62.4,30,93.8,24,75,27,84.4,23,71.9,15,46.9,19,59.4,190.51,5.95,28,27.611,0.99,0.46,1.51
202223,Academic year,Local authority,E92000001,England,E13000001,Inner London,209,E09000023,Lewisham,Revised,0,0,State-funded schools (LA),Ethnicity minor,Total,Asian,Indian,Total,Total,Total,Total,Total,7,15,675,45,13,86.7,8,53.3,10,66.7,5,33.3,2,13.3,3,20,60.83,4.06,13,-0.455,-0.04,-0.8,0.73
202223,Academic year,Local authority,E92000001,England,E13000001,Inner London,209,E09000023,Lewisham,Revised,0,0,State-funded schools (LA),Ethnicity minor,Total,Asian,Pakistani,Total,Total,Total,Total,Total,9,15,651.75,43.5,13,86.7,5,33.3,7,46.7,6,40,2,13.3,2,13.3,57.67,3.84,15,11.24,0.75,0.03,1.46
202223,Academic year,Local authority,E92000001,England,E13000001,Inner London,209,E09000023,Lewisham,Revised,0,0,State-funded schools (LA),Ethnicity major,Total,Asian,Total,Total,Total,Total,Total,Total,17,171,8843.5,51.7,158,92.4,100,58.5,125,73.1,87,50.9,41,24,58,33.9,810.48,4.74,153,76.116,0.5,0.27,0.72
202223,Academic year,Local authority,E92000001,England,E13000001,Inner London,209,E09000023,Lewisham,Revised,0,0,State-funded schools (LA),Ethnicity minor,Total,Black,Any other black background,Total,Total,Total,Total,Total,17,94,3761.25,40,88,93.6,38,40.4,44,46.8,48,51.1,9,9.6,17,18.1,338.33,3.6,86,-18.284,-0.21,-0.51,0.09
202223,Academic year,Local authority,E92000001,England,E13000001,Inner London,209,E09000023,Lewisham,Revised,0,0,State-funded schools (LA),Ethnicity minor,Total,Black,Black African,Total,Total,Total,Total,Total,18,532,24078.5,45.3,509,95.7,235,44.2,337,63.3,299,56.2,78,14.7,126,23.7,2175.57,4.09,464,27.888,0.06,-0.07,0.19
202223,Academic year,Local authority,E92000001,England,E13000001,Inner London,209,E09000023,Lewisham,Revised,0,0,State-funded schools (LA),Ethnicity minor,Total,Black,Caribbean,Total,Total,Total,Total,Total,18,304,11809.5,38.8,295,97,90,29.6,155,51,132,43.4,22,7.2,42,13.8,1036.49,3.41,293,-109.3,-0.37,-0.53,-0.21
202223,Academic year,Local authority,E92000001,England,E13000001,Inner London,209,E09000023,Lewisham,Revised,0,0,State-funded schools (LA),Ethnicity major,Total,Black,Total,Total,Total,Total,Total,Total,18,930,39649.25,42.6,892,95.9,363,39,536,57.6,479,51.5,109,11.7,185,19.9,3550.39,3.82,843,-99.696,-0.12,-0.21,-0.02
202223,Academic year,Local authority,E92000001,England,E13000001,Inner London,209,E09000023,Lewisham,Revised,0,0,State-funded schools (LA),Ethnicity minor,Total,Mixed,Any other mixed background,Total,Total,Total,Total,Total,14,113,4846.25,42.9,106,93.8,44,38.9,62,54.9,51,45.1,20,17.7,28,24.8,435.28,3.85,104,-17.181,-0.17,-0.44,0.11
202223,Academic year,Local authority,E92000001,England,E13000001,Inner London,209,E09000023,Lewisham,Revised,0,0,State-funded schools (LA),Ethnicity major,Total,Mixed,Total,Total,Total,Total,Total,Total,15,317,14104.25,44.5,304,95.9,131,41.3,183,57.7,158,49.8,58,18.3,81,25.6,1270.22,4.01,300,-45.148,-0.15,-0.31,0.01
202223,Academic year,Local authority,E92000001,England,E13000001,Inner London,209,E09000023,Lewisham,Revised,0,0,State-funded schools (LA),Ethnicity minor,Total,Mixed,White and Asian,Total,Total,Total,Total,Total,11,25,1505,60.2,25,100,19,76,21,84,14,56,9,36,10,40,135.48,5.42,25,12.288,0.49,-0.06,1.05
202223,Academic year,Local authority,E92000001,England,E13000001,Inner London,209,E09000023,Lewisham,Revised,0,0,State-funded schools (LA),Ethnicity minor,Total,Mixed,White and Black African,Total,Total,Total,Total,Total,14,61,3172,52,61,100,32,52.5,42,68.9,34,55.7,16,26.2,20,32.8,287.15,4.71,57,14.192,0.25,-0.12,0.62
202223,Academic year,Local authority,E92000001,England,E13000001,Inner London,209,E09000023,Lewisham,Revised,0,0,State-funded schools (LA),Ethnicity minor,Total,Mixed,White and Black Caribbean,Total,Total,Total,Total,Total,15,118,4581,38.8,112,94.9,36,30.5,58,49.2,59,50,13,11,23,19.5,412.31,3.49,114,-54.447,-0.48,-0.74,-0.22
202223,Academic year,Local authority,E92000001,England,E13000001,Inner London,209,E09000023,Lewisham,Revised,0,0,State-funded schools (LA),Ethnicity minor,Total,Other,Any other ethnic group,Total,Total,Total,Total,Total,17,100,4516,45.2,94,94,47,47,61,61,43,43,18,18,27,27,416.15,4.16,74,21.684,0.29,-0.03,0.62
202223,Academic year,Local authority,E92000001,England,E13000001,Inner London,209,E09000023,Lewisham,Revised,0,0,State-funded schools (LA),Ethnicity major,Total,Other,Total,Total,Total,Total,Total,Total,17,100,4516,45.2,94,94,47,47,61,61,43,43,18,18,27,27,416.15,4.16,74,21.684,0.29,-0.03,0.62
202223,Academic year,Local authority,E92000001,England,E13000001,Inner London,209,E09000023,Lewisham,Revised,0,0,State-funded schools (LA),Free school meals,Total,Total,Total,FSM,Total,Total,Total,Total,18,681,24702.25,36.3,625,91.8,193,28.3,309,45.4,268,39.4,52,7.6,104,15.3,2201.05,3.23,618,-291.858,-0.47,-0.58,-0.36
202223,Academic year,Local authority,E92000001,England,E13000001,Inner London,209,E09000023,Lewisham,Revised,0,0,State-funded schools (LA),Free school meals,Total,Total,Total,FSM all other,Total,Total,Total,Total,18,1601,78874.5,49.3,1541,96.3,822,51.3,1084,67.7,916,57.2,365,22.8,501,31.3,7184.46,4.49,1451,300.146,0.21,0.13,0.28
202223,Academic year,Local authority,E92000001,England,E13000001,Inner London,209,E09000023,Lewisham,Revised,0,0,State-funded schools (LA),SEN status,Total,Total,Total,Total,No SEN,Total,Total,Total,14,1830,90545,49.5,1811,99,927,50.7,1246,68.1,1080,59,395,21.6,568,31,8265.06,4.52,1641,238.421,0.15,0.08,0.21
202223,Academic year,Local authority,E92000001,England,E13000001,Inner London,209,E09000023,Lewisham,Revised,0,0,State-funded schools (LA),SEN status,Total,Total,Total,Total,SEN State EHC,Total,Total,Total,16,137,1594.5,11.6,54,39.4,7,5.1,12,8.8,10,7.3,2,1.5,6,4.4,134.82,0.98,127,-137.138,-1.08,-1.33,-0.83
202223,Academic year,Local authority,E92000001,England,E13000001,Inner London,209,E09000023,Lewisham,Revised,0,0,State-funded schools (LA),SEN status,Total,Total,Total,Total,SEN Supp,Total,Total,Total,15,315,11437.25,36.3,301,95.6,81,25.7,135,42.9,94,29.8,20,6.3,31,9.8,985.63,3.13,301,-92.995,-0.31,-0.47,-0.15
202223,Academic year,Local authority,E92000001,England,E13000001,Inner London,209,E09000023,Lewisham,Revised,0,0,State-funded schools (LA),SEN description,Total,Total,Total,Total,Total,Any SEN,Total,Total,18,452,13031.75,28.8,355,78.5,88,19.5,147,32.5,104,23,22,4.9,37,8.2,1120.45,2.48,428,-230.133,-0.54,-0.67,-0.4
202223,Academic year,Local authority,E92000001,England,E13000001,Inner London,209,E09000023,Lewisham,Revised,0,0,State-funded schools (LA),SEN description,Total,Total,Total,Total,Total,No identified SEN,Total,Total,14,1830,90545,49.5,1811,99,927,50.7,1246,68.1,1080,59,395,21.6,568,31,8265.06,4.52,1641,238.421,0.15,0.08,0.21
202223,Academic year,Local authority,E92000001,England,E13000001,Inner London,209,E09000023,Lewisham,Revised,0,0,State-funded schools (LA),Disadvantage,Total,Total,Total,Total,Total,Total,Disadvantaged,Total,18,804,29489.25,36.7,735,91.4,235,29.2,373,46.4,327,40.7,65,8.1,128,15.9,2627.55,3.27,734,-355.333,-0.48,-0.59,-0.38
202223,Academic year,Local authority,E92000001,England,E13000001,Inner London,209,E09000023,Lewisham,Revised,0,0,State-funded schools (LA),Disadvantage,Total,Total,Total,Total,Total,Total,Disadvantaged all other,Total,18,1478,74087.5,50.1,1431,96.8,780,52.8,1020,69,857,58,352,23.8,477,32.3,6757.96,4.57,1335,363.621,0.27,0.2,0.35
202223,Academic year,Local authority,E92000001,England,E13000001,Inner London,209,E09000023,Lewisham,Revised,0,0,State-funded schools (LA),First language,Total,Total,Total,Total,Total,Total,Total,English,18,1561,70799.25,45.4,1474,94.4,703,45,958,61.4,795,50.9,272,17.4,402,25.8,6356.1,4.07,1494,-145.098,-0.1,-0.17,-0.03
202223,Academic year,Local authority,E92000001,England,E13000001,Inner London,209,E09000023,Lewisham,Revised,0,0,State-funded schools (LA),First language,Total,Total,Total,Total,Total,Total,Total,Other than English,17,706,32204.25,45.6,677,95.9,307,43.5,427,60.5,383,54.2,143,20.3,200,28.3,2977.74,4.22,561,164.032,0.29,0.18,0.41
202223,Academic year,Local authority,E92000001,England,E13000001,Inner London,209,E09000023,Lewisham,Revised,0,0,State-funded schools (LA),Total,Total,Total,Total,Total,Total,Total,Total,Total,18,2282,103576.75,45.4,2166,94.9,1015,44.5,1393,61,1184,51.9,417,18.3,605,26.5,9385.51,4.11,2069,8.288,0,-0.06,0.06
202223,Academic year,Local authority,E92000001,England,E13000001,Inner London,209,E09000023,Lewisham,Revised,0,0,State-funded schools (LA),Ethnicity major,Total,Unclassified,Total,Total,Total,Total,Total,Total,15,98,4374.75,44.6,93,94.9,41,41.8,61,62.2,64,65.3,16,16.3,29,29.6,402.32,4.11,88,-4.13,-0.05,-0.34,0.25
202223,Academic year,Local authority,E92000001,England,E13000001,Inner London,209,E09000023,Lewisham,Revised,0,0,State-funded schools (LA),Ethnicity minor,Total,Unclassified,Unclassified,Total,Total,Total,Total,Total,15,98,4374.75,44.6,93,94.9,41,41.8,61,62.2,64,65.3,16,16.3,29,29.6,402.32,4.11,88,-4.13,-0.05,-0.34,0.25
202223,Academic year,Local authority,E92000001,England,E13000001,Inner London,209,E09000023,Lewisham,Revised,0,0,State-funded schools (LA),Ethnicity minor,Total,White,Any other white background,Total,Total,Total,Total,Total,17,232,10856.75,46.8,222,95.7,106,45.7,144,62.1,135,58.2,58,25,74,31.9,1012.21,4.36,184,68.09,0.37,0.17,0.57
202223,Academic year,Local authority,E92000001,England,E13000001,Inner London,209,E09000023,Lewisham,Revised,0,0,State-funded schools (LA),Ethnicity minor,Total,White,Gypsy/Roma,Total,Total,Total,Total,Total,1,1,4,4,1,100,0,0,0,0,0,0,0,0,0,0,0.33,0.33,0,z,z,z,z
202223,Academic year,Local authority,E92000001,England,E13000001,Inner London,209,E09000023,Lewisham,Revised,0,0,State-funded schools (LA),Ethnicity major,Total,White,Total,Total,Total,Total,Total,Total,18,666,32089,48.2,625,93.8,333,50,427,64.1,353,53,175,26.3,225,33.8,2935.95,4.41,611,59.462,0.1,-0.01,0.21
202223,Academic year,Local authority,E92000001,England,E13000001,Inner London,209,E09000023,Lewisham,Revised,0,0,State-funded schools (LA),Ethnicity minor,Total,White,White British,Total,Total,Total,Total,Total,18,427,20837.25,48.8,396,92.7,222,52,277,64.9,215,50.4,115,26.9,148,34.7,1888.07,4.42,421,-11.46,-0.03,-0.16,0.11
202223,Academic year,Local authority,E92000001,England,E13000001,Inner London,209,E09000023,Lewisham,Revised,0,0,State-funded schools (LA),Ethnicity minor,Total,White,White Irish,Total,Total,Total,Total,Total,5,6,391,65.2,6,100,5,83.3,6,100,3,50,2,33.3,3,50,35.34,5.89,6,2.832,0.47,-0.66,1.6
202122,Academic year,Local authority,E92000001,England,E13000001,Inner London,209,E09000023,Lewisham,Final,0,0,State-funded schools (LA),Ethnicity major,Boys,Asian,Total,Total,Total,Total,Total,Total,12,62,3126.75,50.4,62,100,35,56.5,48,77.4,26,41.9,10,16.1,12,19.4,278.82,4.5,54,22.31,0.41,0.04,0.79
202122,Academic year,Local authority,E92000001,England,E13000001,Inner London,209,E09000023,Lewisham,Final,0,0,State-funded schools (LA),Ethnicity major,Boys,Black,Total,Total,Total,Total,Total,Total,16,457,19732.25,43.2,440,96.3,179,39.2,281,61.5,174,38.1,58,12.7,86,18.8,1741.31,3.81,402,-36.153,-0.09,-0.23,0.05
202122,Academic year,Local authority,E92000001,England,E13000001,Inner London,209,E09000023,Lewisham,Final,0,0,State-funded schools (LA),Ethnicity major,Boys,Chinese,Total,Total,Total,Total,Total,Total,5,12,715,59.6,12,100,9,75,9,75,9,75,4,33.3,7,58.3,69.83,5.82,11,3.947,0.36,-0.47,1.19
202122,Academic year,Local authority,E92000001,England,E13000001,Inner London,209,E09000023,Lewisham,Final,0,0,State-funded schools (LA),Ethnicity major,Boys,Mixed,Total,Total,Total,Total,Total,Total,14,155,6831,44.1,149,96.1,65,41.9,95,61.3,60,38.7,24,15.5,30,19.4,603.33,3.89,139,-25.673,-0.18,-0.42,0.05
202122,Academic year,Local authority,E92000001,England,E13000001,Inner London,209,E09000023,Lewisham,Final,0,0,State-funded schools (LA),Ethnicity major,Boys,Other,Total,Total,Total,Total,Total,Total,14,47,2016.25,42.9,44,93.6,18,38.3,24,51.1,20,42.6,11,23.4,15,31.9,185.64,3.95,30,2.291,0.08,-0.43,0.58
202122,Academic year,Local authority,E92000001,England,E13000001,Inner London,209,E09000023,Lewisham,Final,0,0,State-funded schools (LA),Free school meals,Boys,Total,Total,FSM,Total,Total,Total,Total,16,335,11918.75,35.6,301,89.9,79,23.6,150,44.8,86,25.7,17,5.1,25,7.5,1026.93,3.07,289,-145.522,-0.5,-0.67,-0.34
202122,Academic year,Local authority,E92000001,England,E13000001,Inner London,209,E09000023,Lewisham,Final,0,0,State-funded schools (LA),Free school meals,Boys,Total,Total,FSM all other,Total,Total,Total,Total,16,756,36660.25,48.5,738,97.6,386,51.1,523,69.2,345,45.6,159,21,214,28.3,3317.01,4.39,666,42.132,0.06,-0.04,0.17
202122,Academic year,Local authority,E92000001,England,E13000001,Inner London,209,E09000023,Lewisham,Final,0,0,State-funded schools (LA),SEN status,Boys,Total,Total,Total,No SEN,Total,Total,Total,13,829,41305,49.8,824,99.4,422,50.9,591,71.3,381,46,166,20,221,26.7,3725.45,4.49,716,83.592,0.12,0.01,0.22
202122,Academic year,Local authority,E92000001,England,E13000001,Inner London,209,E09000023,Lewisham,Final,0,0,State-funded schools (LA),SEN status,Boys,Total,Total,Total,SEN State EHC,Total,Total,Total,14,77,1013.75,13.2,36,46.8,5,6.5,9,11.7,5,6.5,1,1.3,1,1.3,81.19,1.05,65,-78.665,-1.21,-1.55,-0.87
202122,Academic year,Local authority,E92000001,England,E13000001,Inner London,209,E09000023,Lewisham,Final,0,0,State-funded schools (LA),SEN status,Boys,Total,Total,Total,SEN Supp,Total,Total,Total,12,185,6260.25,33.8,179,96.8,38,20.5,73,39.5,45,24.3,9,4.9,17,9.2,537.3,2.9,174,-108.317,-0.62,-0.83,-0.41
202122,Academic year,Local authority,E92000001,England,E13000001,Inner London,209,E09000023,Lewisham,Final,0,0,State-funded schools (LA),SEN description,Boys,Total,Total,Total,Total,Any SEN,Total,Total,16,262,7274,27.8,215,82.1,43,16.4,82,31.3,50,19.1,10,3.8,18,6.9,618.49,2.36,239,-186.982,-0.78,-0.96,-0.6
202122,Academic year,Local authority,E92000001,England,E13000001,Inner London,209,E09000023,Lewisham,Final,0,0,State-funded schools (LA),SEN description,Boys,Total,Total,Total,Total,No identified SEN,Total,Total,13,829,41305,49.8,824,99.4,422,50.9,591,71.3,381,46,166,20,221,26.7,3725.45,4.49,716,83.592,0.12,0.01,0.22
202122,Academic year,Local authority,E92000001,England,E13000001,Inner London,209,E09000023,Lewisham,Final,0,0,State-funded schools (LA),Disadvantage,Boys,Total,Total,Total,Total,Total,Disadvantaged,Total,16,445,16381,36.8,403,90.6,119,26.7,212,47.6,129,29,31,7,45,10.1,1427.63,3.21,386,-181.678,-0.47,-0.61,-0.33
202122,Academic year,Local authority,E92000001,England,E13000001,Inner London,209,E09000023,Lewisham,Final,0,0,State-funded schools (LA),Disadvantage,Boys,Total,Total,Total,Total,Total,Disadvantaged all other,Total,15,646,32198,49.8,636,98.5,346,53.6,461,71.4,302,46.7,145,22.4,194,30,2916.31,4.51,569,78.288,0.14,0.02,0.25
202122,Academic year,Local authority,E92000001,England,E13000001,Inner London,209,E09000023,Lewisham,Final,0,0,State-funded schools (LA),First language,Boys,Total,Total,Total,Total,Total,Total,English,17,708,31552.75,44.6,670,94.6,304,42.9,439,62,262,37,116,16.4,150,21.2,2790.7,3.94,662,-139.33,-0.21,-0.32,-0.1
202122,Academic year,Local authority,E92000001,England,E13000001,Inner London,209,E09000023,Lewisham,Final,0,0,State-funded schools (LA),First language,Boys,Total,Total,Total,Total,Total,Total,Other than English,16,369,16328.25,44.3,356,96.5,153,41.5,223,60.4,161,43.6,57,15.4,84,22.8,1487.08,4.03,281,42.073,0.15,-0.01,0.31
202122,Academic year,Local authority,E92000001,England,E13000001,Inner London,209,E09000023,Lewisham,Final,0,0,State-funded schools (LA),Total,Boys,Total,Total,Total,Total,Total,Total,Total,17,1091,48579,44.5,1039,95.2,465,42.6,673,61.7,431,39.5,176,16.1,239,21.9,4343.94,3.98,955,-103.39,-0.11,-0.2,-0.02
202122,Academic year,Local authority,E92000001,England,E13000001,Inner London,209,E09000023,Lewisham,Final,0,0,State-funded schools (LA),Ethnicity major,Boys,Unclassified,Total,Total,Total,Total,Total,Total,9,33,1663.5,50.4,32,97,19,57.6,25,75.8,16,48.5,6,18.2,9,27.3,150.83,4.57,27,-6.516,-0.24,-0.77,0.29
202122,Academic year,Local authority,E92000001,England,E13000001,Inner London,209,E09000023,Lewisham,Final,0,0,State-funded schools (LA),Ethnicity major,Boys,White,Total,Total,Total,Total,Total,Total,17,325,14494.25,44.6,300,92.3,140,43.1,191,58.8,126,38.8,63,19.4,80,24.6,1314.18,4.04,292,-63.596,-0.22,-0.38,-0.06
202122,Academic year,Local authority,E92000001,England,E13000001,Inner London,209,E09000023,Lewisham,Final,0,0,State-funded schools (LA),Ethnicity major,Girls,Asian,Total,Total,Total,Total,Total,Total,13,52,3092.75,59.5,52,100,37,71.2,43,82.7,37,71.2,22,42.3,27,51.9,283.34,5.45,46,34.376,0.75,0.34,1.15
202122,Academic year,Local authority,E92000001,England,E13000001,Inner London,209,E09000023,Lewisham,Final,0,0,State-funded schools (LA),Ethnicity major,Girls,Black,Total,Total,Total,Total,Total,Total,14,438,21587.5,49.3,430,98.2,204,46.6,310,70.8,272,62.1,101,23.1,163,37.2,1955.25,4.46,399,120.669,0.3,0.16,0.44
202122,Academic year,Local authority,E92000001,England,E13000001,Inner London,209,E09000023,Lewisham,Final,0,0,State-funded schools (LA),Ethnicity major,Girls,Chinese,Total,Total,Total,Total,Total,Total,7,14,753.25,53.8,13,92.9,9,64.3,12,85.7,10,71.4,6,42.9,8,57.1,70.32,5.02,13,5.075,0.39,-0.38,1.16
202122,Academic year,Local authority,E92000001,England,E13000001,Inner London,209,E09000023,Lewisham,Final,0,0,State-funded schools (LA),Ethnicity major,Girls,Mixed,Total,Total,Total,Total,Total,Total,15,171,8741,51.1,167,97.7,88,51.5,115,67.3,101,59.1,54,31.6,64,37.4,786.94,4.6,160,25.087,0.16,-0.06,0.38
202122,Academic year,Local authority,E92000001,England,E13000001,Inner London,209,E09000023,Lewisham,Final,0,0,State-funded schools (LA),Ethnicity major,Girls,Other,Total,Total,Total,Total,Total,Total,13,41,2362.5,57.6,40,97.6,29,70.7,34,82.9,25,61,10,24.4,17,41.5,213.3,5.2,33,30.557,0.93,0.45,1.41
202122,Academic year,Local authority,E92000001,England,E13000001,Inner London,209,E09000023,Lewisham,Final,0,0,State-funded schools (LA),Free school meals,Girls,Total,Total,FSM,Total,Total,Total,Total,17,288,12112.5,42.1,272,94.4,100,34.7,165,57.3,156,54.2,51,17.7,87,30.2,1087.1,3.77,262,-46.148,-0.18,-0.35,-0.01
202122,Academic year,Local authority,E92000001,England,E13000001,Inner London,209,E09000023,Lewisham,Final,0,0,State-funded schools (LA),Free school meals,Girls,Total,Total,FSM all other,Total,Total,Total,Total,16,818,44341,54.2,803,98.2,460,56.2,625,76.4,521,63.7,253,30.9,358,43.8,4034.54,4.93,752,310.348,0.41,0.31,0.51
202122,Academic year,Local authority,E92000001,England,E13000001,Inner London,209,E09000023,Lewisham,Final,0,0,State-funded schools (LA),SEN status,Girls,Total,Total,Total,No SEN,Total,Total,Total,13,946,51559.25,54.5,943,99.7,531,56.1,739,78.1,632,66.8,296,31.3,431,45.6,4715.84,4.99,865,356.738,0.41,0.32,0.51
202122,Academic year,Local authority,E92000001,England,E13000001,Inner London,209,E09000023,Lewisham,Final,0,0,State-funded schools (LA),SEN status,Girls,Total,Total,Total,SEN State EHC,Total,Total,Total,11,30,241,8,10,33.3,1,3.3,1,3.3,2,6.7,0,0,0,0,19.5,0.65,24,-38.689,-1.61,-2.18,-1.05
202122,Academic year,Local authority,E92000001,England,E13000001,Inner London,209,E09000023,Lewisham,Final,0,0,State-funded schools (LA),SEN status,Girls,Total,Total,Total,SEN Supp,Total,Total,Total,13,130,4653.25,35.8,122,93.8,28,21.5,50,38.5,43,33.1,8,6.2,14,10.8,386.3,2.97,125,-53.849,-0.43,-0.68,-0.18
202122,Academic year,Local authority,E92000001,England,E13000001,Inner London,209,E09000023,Lewisham,Final,0,0,State-funded schools (LA),SEN description,Girls,Total,Total,Total,Total,Any SEN,Total,Total,17,160,4894.25,30.6,132,82.5,29,18.1,51,31.9,45,28.1,8,5,14,8.8,405.8,2.54,149,-92.538,-0.62,-0.85,-0.39
202122,Academic year,Local authority,E92000001,England,E13000001,Inner London,209,E09000023,Lewisham,Final,0,0,State-funded schools (LA),SEN description,Girls,Total,Total,Total,Total,No identified SEN,Total,Total,13,946,51559.25,54.5,943,99.7,531,56.1,739,78.1,632,66.8,296,31.3,431,45.6,4715.84,4.99,865,356.738,0.41,0.32,0.51
202122,Academic year,Local authority,E92000001,England,E13000001,Inner London,209,E09000023,Lewisham,Final,0,0,State-funded schools (LA),Disadvantage,Girls,Total,Total,Total,Total,Total,Disadvantaged,Total,17,378,16058.25,42.5,359,95,131,34.7,215,56.9,198,52.4,62,16.4,107,28.3,1430.76,3.79,349,-70.588,-0.2,-0.35,-0.05
202122,Academic year,Local authority,E92000001,England,E13000001,Inner London,209,E09000023,Lewisham,Final,0,0,State-funded schools (LA),Disadvantage,Girls,Total,Total,Total,Total,Total,Disadvantaged all other,Total,16,728,40395.25,55.5,716,98.4,429,58.9,575,79,479,65.8,242,33.2,338,46.4,3690.88,5.07,665,334.788,0.5,0.4,0.61
202122,Academic year,Local authority,E92000001,England,E13000001,Inner London,209,E09000023,Lewisham,Final,0,0,State-funded schools (LA),First language,Girls,Total,Total,Total,Total,Total,Total,English,17,773,39258,50.8,748,96.8,385,49.8,547,70.8,478,61.8,210,27.2,308,39.8,3552.42,4.6,739,96.81,0.13,0.03,0.23
202122,Academic year,Local authority,E92000001,England,E13000001,Inner London,209,E09000023,Lewisham,Final,0,0,State-funded schools (LA),First language,Girls,Total,Total,Total,Total,Total,Total,Other than English,14,327,16906,51.7,321,98.2,172,52.6,240,73.4,197,60.2,93,28.4,136,41.6,1544.89,4.72,269,166.941,0.62,0.45,0.79
202122,Academic year,Local authority,E92000001,England,E13000001,Inner London,209,E09000023,Lewisham,Final,0,0,State-funded schools (LA),Total,Girls,Total,Total,Total,Total,Total,Total,Total,17,1106,56453.5,51,1075,97.2,560,50.6,790,71.4,677,61.2,304,27.5,445,40.2,5121.64,4.63,1014,264.2,0.26,0.17,0.35
202122,Academic year,Local authority,E92000001,England,E13000001,Inner London,209,E09000023,Lewisham,Final,0,0,State-funded schools (LA),Ethnicity major,Girls,Unclassified,Total,Total,Total,Total,Total,Total,11,43,2080.25,48.4,42,97.7,22,51.2,30,69.8,25,58.1,10,23.3,19,44.2,191.05,4.44,40,7.05,0.18,-0.26,0.61
202122,Academic year,Local authority,E92000001,England,E13000001,Inner London,209,E09000023,Lewisham,Final,0,0,State-funded schools (LA),Ethnicity major,Girls,White,Total,Total,Total,Total,Total,Total,17,347,17836.25,51.4,331,95.4,171,49.3,246,70.9,207,59.7,101,29.1,147,42.4,1621.44,4.67,323,41.386,0.13,-0.03,0.28
202122,Academic year,Local authority,E92000001,England,E13000001,Inner London,209,E09000023,Lewisham,Final,0,0,State-funded schools (LA),Ethnicity major,Total,Asian,Total,Total,Total,Total,Total,Total,14,114,6219.5,54.6,114,100,72,63.2,91,79.8,63,55.3,32,28.1,39,34.2,562.16,4.93,100,56.686,0.57,0.29,0.84
202122,Academic year,Local authority,E92000001,England,E13000001,Inner London,209,E09000023,Lewisham,Final,0,0,State-funded schools (LA),Ethnicity major,Total,Black,Total,Total,Total,Total,Total,Total,18,895,41319.75,46.2,870,97.2,383,42.8,591,66,446,49.8,159,17.8,249,27.8,3696.56,4.13,801,84.516,0.11,0.01,0.2
202122,Academic year,Local authority,E92000001,England,E13000001,Inner London,209,E09000023,Lewisham,Final,0,0,State-funded schools (LA),Ethnicity major,Total,Chinese,Total,Total,Total,Total,Total,Total,9,26,1468.25,56.5,25,96.2,18,69.2,21,80.8,19,73.1,10,38.5,15,57.7,140.15,5.39,24,9.022,0.38,-0.19,0.94
202122,Academic year,Local authority,E92000001,England,E13000001,Inner London,209,E09000023,Lewisham,Final,0,0,State-funded schools (LA),Ethnicity major,Total,Mixed,Total,Total,Total,Total,Total,Total,17,326,15572,47.8,316,96.9,153,46.9,210,64.4,161,49.4,78,23.9,94,28.8,1390.27,4.26,299,-0.586,0,-0.16,0.16
202122,Academic year,Local authority,E92000001,England,E13000001,Inner London,209,E09000023,Lewisham,Final,0,0,State-funded schools (LA),Ethnicity major,Total,Other,Total,Total,Total,Total,Total,Total,16,88,4378.75,49.8,84,95.5,47,53.4,58,65.9,45,51.1,21,23.9,32,36.4,398.94,4.53,63,32.848,0.52,0.17,0.87
202122,Academic year,Local authority,E92000001,England,E13000001,Inner London,209,E09000023,Lewisham,Final,0,0,State-funded schools (LA),Free school meals,Total,Total,Total,FSM,Total,Total,Total,Total,18,623,24031.25,38.6,573,92,179,28.7,315,50.6,242,38.8,68,10.9,112,18,2114.03,3.39,551,-191.67,-0.35,-0.47,-0.23
202122,Academic year,Local authority,E92000001,England,E13000001,Inner London,209,E09000023,Lewisham,Final,0,0,State-funded schools (LA),Free school meals,Total,Total,Total,FSM all other,Total,Total,Total,Total,18,1574,81001.25,51.5,1541,97.9,846,53.7,1148,72.9,866,55,412,26.2,572,36.3,7351.55,4.67,1418,352.48,0.25,0.18,0.32
202122,Academic year,Local authority,E92000001,England,E13000001,Inner London,209,E09000023,Lewisham,Final,0,0,State-funded schools (LA),SEN status,Total,Total,Total,Total,No SEN,Total,Total,Total,14,1775,92864.25,52.3,1767,99.5,953,53.7,1330,74.9,1013,57.1,462,26,652,36.7,8441.29,4.76,1581,440.33,0.28,0.21,0.35
202122,Academic year,Local authority,E92000001,England,E13000001,Inner London,209,E09000023,Lewisham,Final,0,0,State-funded schools (LA),SEN status,Total,Total,Total,Total,SEN State EHC,Total,Total,Total,16,107,1254.75,11.7,46,43,6,5.6,10,9.3,7,6.5,1,0.9,1,0.9,100.69,0.94,89,-117.354,-1.32,-1.61,-1.03
202122,Academic year,Local authority,E92000001,England,E13000001,Inner London,209,E09000023,Lewisham,Final,0,0,State-funded schools (LA),SEN status,Total,Total,Total,Total,SEN Supp,Total,Total,Total,14,315,10913.5,34.6,301,95.6,66,21,123,39,88,27.9,17,5.4,31,9.8,923.6,2.93,299,-162.166,-0.54,-0.7,-0.38
202122,Academic year,Local authority,E92000001,England,E13000001,Inner London,209,E09000023,Lewisham,Final,0,0,State-funded schools (LA),SEN description,Total,Total,Total,Total,Total,Any SEN,Total,Total,18,422,12168.25,28.8,347,82.2,72,17.1,133,31.5,95,22.5,18,4.3,32,7.6,1024.29,2.43,388,-279.52,-0.72,-0.86,-0.58
202122,Academic year,Local authority,E92000001,England,E13000001,Inner London,209,E09000023,Lewisham,Final,0,0,State-funded schools (LA),SEN description,Total,Total,Total,Total,Total,No identified SEN,Total,Total,14,1775,92864.25,52.3,1767,99.5,953,53.7,1330,74.9,1013,57.1,462,26,652,36.7,8441.29,4.76,1581,440.33,0.28,0.21,0.35
202122,Academic year,Local authority,E92000001,England,E13000001,Inner London,209,E09000023,Lewisham,Final,0,0,State-funded schools (LA),Disadvantage,Total,Total,Total,Total,Total,Total,Disadvantaged,Total,18,823,32439.25,39.4,762,92.6,250,30.4,427,51.9,327,39.7,93,11.3,152,18.5,2858.39,3.47,735,-252.266,-0.34,-0.45,-0.24
202122,Academic year,Local authority,E92000001,England,E13000001,Inner London,209,E09000023,Lewisham,Final,0,0,State-funded schools (LA),Disadvantage,Total,Total,Total,Total,Total,Total,Disadvantaged all other,Total,17,1374,72593.25,52.8,1352,98.4,775,56.4,1036,75.4,781,56.8,387,28.2,532,38.7,6607.19,4.81,1234,413.076,0.33,0.26,0.41
202122,Academic year,Local authority,E92000001,England,E13000001,Inner London,209,E09000023,Lewisham,Final,0,0,State-funded schools (LA),First language,Total,Total,Total,Total,Total,Total,Total,English,18,1481,70810.75,47.8,1418,95.7,689,46.5,986,66.6,740,50,326,22,458,30.9,6343.12,4.28,1401,-42.52,-0.03,-0.1,0.04
202122,Academic year,Local authority,E92000001,England,E13000001,Inner London,209,E09000023,Lewisham,Final,0,0,State-funded schools (LA),First language,Total,Total,Total,Total,Total,Total,Total,Other than English,18,696,33234.25,47.8,677,97.3,325,46.7,463,66.5,358,51.4,150,21.6,220,31.6,3031.97,4.36,550,209.014,0.38,0.26,0.5
202122,Academic year,Local authority,E92000001,England,E13000001,Inner London,209,E09000023,Lewisham,Final,0,0,State-funded schools (LA),Total,Total,Total,Total,Total,Total,Total,Total,Total,18,2197,105032.5,47.8,2114,96.2,1025,46.7,1463,66.6,1108,50.4,480,21.8,684,31.1,9465.58,4.31,1969,160.81,0.08,0.02,0.14
202122,Academic year,Local authority,E92000001,England,E13000001,Inner London,209,E09000023,Lewisham,Final,0,0,State-funded schools (LA),Ethnicity major,Total,Unclassified,Total,Total,Total,Total,Total,Total,13,76,3743.75,49.3,74,97.4,41,53.9,55,72.4,41,53.9,16,21.1,28,36.8,341.88,4.5,67,0.534,0.01,-0.33,0.35
202122,Academic year,Local authority,E92000001,England,E13000001,Inner London,209,E09000023,Lewisham,Final,0,0,State-funded schools (LA),Ethnicity major,Total,White,Total,Total,Total,Total,Total,Total,18,672,32330.5,48.1,631,93.9,311,46.3,437,65,333,49.6,164,24.4,227,33.8,2935.62,4.37,615,-22.21,-0.04,-0.15,0.08